Date,GDX,VXX,SHY,UUP,PNQI
2018-12-21,-0.011189585921157263,0.04920448948457734,0.0007197404120020678,0.006575157048779978,-0.03753036447947622
2018-12-24,0.0313052102621989,0.04892168456316082,0.0008390734140997225,-0.015148912687417582,-0.010626051193760588
2018-12-26,-0.022537482436981726,-0.054460648843230874,-0.0009590246816397752,0.005075203916483417,0.05672671443456068
2018-12-27,0.016831292880861604,0.04142850794286179,0.0010788609749861067,-0.004292713337372245,0.004303386128046149
2018-12-28,-0.01780171785616247,-0.001641063569415735,0.0014365514135885604,-0.0027413252037997715,0.00036540528839168473
2018-12-31,0.02350790741228259,-0.035949480188598226,0.0003589068737257506,-0.001962679189874361,0.0031005310973739597
2019-01-02,-0.0018984778415305215,-0.026961623543928948,0.00011951577695423765,0.0074378352732997755,0.006895903501006551
2019-01-03,0.020221724445270706,0.04069950638489939,0.0020307693538272886,-0.005475156083425414,-0.027223106390593443
2019-01-04,-0.00841521143288082,-0.08266997476970728,-0.0021502851307815263,-0.0015698949945606167,0.04931210007086051
2019-01-07,-0.012281605513459581,-0.022597215233695955,-0.0007178513034515888,-0.00432981208451233,0.0213519003086029
2019-01-08,0.00047509250106969603,-0.020497896444642727,-0.0005984967252885554,0.003150846349341485,0.012561458211924226
2019-01-09,0.012745061099347588,-0.02384788142354921,0.00047888082185565395,-0.009482479868954563,0.008852636291893035
2019-01-10,-0.01512314726015962,-0.010538029193703391,0.0001196159034329014,0.005937069348920243,0.0049875106306149775
2019-01-11,0.003802282330481077,-0.033060854363307524,0.0005982299909881306,0.0007889727219008158,-0.002871107724237376
2019-01-14,-0.007141169015213222,0.0027972200875234776,0.0,0.0,-0.0058522065886474905
2019-01-15,-0.015407126521982839,-0.04439412723809211,0.0003587298011193951,0.0035426193379906046,0.023704562520296513
2019-01-16,-0.00048533020322505394,0.019974439421655887,-0.00023910848865593692,0.0011780397638494478,8.308457345673759e-05
2019-01-17,0.0029083619923420123,-0.011252252791448925,-0.0001196213124634582,0.0,0.00843680984189632
2019-01-18,-0.017086107008835505,-0.02504790181328964,-0.0008375674337708361,0.0031347958767056205,0.010406064014581773
2019-01-22,0.00686957049937309,0.08430935828117336,0.0008375674337708361,0.0,-0.026765168062251377
2019-01-23,0.0019540312840291563,-0.005471319933589847,-0.0002392855612622924,-0.002350156450680707,-0.002766732654297499
2019-01-24,0.00048793506397082353,-0.036053617785829495,0.0008371578870836061,0.005865104580283997,0.012680545791566189
2019-01-25,0.032632468437574946,-0.03820780288578396,-0.0007175079492549585,-0.008220797279912428,0.01994403466454653
2019-01-28,0.012667326360360498,0.04053188790093376,0.00011963562343364487,0.0007857977050678144,-0.004887582899515408
2019-01-29,0.023953174200442184,-0.002841293656734134,0.00047830821211380936,0.00039270486255427173,-0.01505645176503112
2019-01-30,0.009513140538532916,-0.04496924783054412,0.0013141463924020158,-0.005117081117759437,0.026020125904981484
2019-01-31,0.022733326647613072,-0.04227729451185569,0.0008353684257755845,0.0019711907629189618,0.02275824728756959
2019-02-01,-0.005302745020743682,-0.009642733547269966,-0.002986681564662419,0.0,-0.0025297035167843873
2019-02-04,-0.0035508215139672394,-0.031555669327434366,0.0,0.002753185492286203,0.011881033317870049
2019-02-05,0.005321557490464368,-0.008566022529116868,0.0,0.0027457009792053455,0.013826586476973546
2019-02-06,-0.0173995599752943,-0.005353978015204763,0.00047847984683446754,0.003909249482771493,-0.007588784994297271
2019-02-07,-0.008587561326437232,0.0328572456009808,0.0007172451891381826,0.002338324278536419,-0.018197945948791983
2019-02-08,0.013973608488401457,-0.01219533050389865,0.00035842977152089617,0.0011670407621369172,0.003161320246670485
2019-02-11,-0.011706582517756914,-0.010868044438193003,-0.00035842977152089617,0.0038805009266700274,0.0007887559335815197
2019-02-12,-0.0013596506611270875,-0.018179627628865713,-0.00011953554028742985,-0.003491765096535371,0.017894545189139244
2019-02-13,-0.005913101732047732,-0.0024089693450348726,-0.0007173309613142109,0.005426420135742571,-0.00023235955559108845
2019-02-14,0.009986434152291501,0.017927050195983174,0.0013147746966319929,-0.0011603438188418913,0.003402697968104107
2019-02-15,0.01301346242514434,-0.035567350421294996,-0.0004779081950303521,-0.00193682942693707,-0.003557555524877465
2019-02-19,0.03116333325124465,0.0030636811950874865,0.0007167311171709656,-0.0038850234822351837,0.009484557958619355
2019-02-20,0.009462488699031102,-0.04089845816593085,-0.00011935877201896261,0.0007781537576883046,-0.0038446797705908864
2019-02-21,-0.016400931587570167,0.01298108316126223,-0.00035843527394074925,0.0007776228345832692,-0.00866618232847749
2019-02-22,0.003475239180913192,-0.038478640570961176,0.0007166510317029307,-0.0003887358301346566,0.015193299797339854
2019-02-25,-0.012655591501978147,0.017819983654634886,-0.00011942136128961778,-0.0007778510849361098,0.004429531101068029
2019-02-26,-0.0017582824541872988,0.008314733959880805,0.0004775088464707977,-0.0038986552008557496,0.0003809611322154183
2019-02-27,-0.016859279597692733,0.0009549797536831939,-0.0002387714591485235,0.0007809628388728562,0.005166459755061581
2019-02-28,-0.004933879036641997,-0.0006365518265578629,-0.00023873738732227423,0.0007802790222548595,-0.008600112719963526
2019-03-01,-0.02458016338601876,-0.046595831287132405,-0.0025106006769970435,0.00389258502810641,0.005184068065474001
2019-03-04,0.006888643295254404,0.024057827235220763,0.00023933744278270552,0.0011648491517943782,-0.002131376232787474
2019-03-05,0.005476916142572286,0.0058441825309141215,0.00011969289064506228,0.002712642391798692,0.014074087231276344
2019-03-06,-0.02069509857761087,0.029033778622706397,0.0007176741897607641,0.0,-0.004065607823946493
2019-03-07,0.012468434407338691,0.03734422922355396,0.0008366664833951987,0.008861531419891211,-0.018272371213916117
2019-03-08,0.026269622045591134,0.006642573573010235,0.00035843527394074925,-0.0030733763925323565,-0.002923898872092323
2019-03-11,-0.0035826245468260076,-0.07561377331621699,-0.00023894257363110682,-0.0023112285270747712,0.021422564951715017
2019-03-12,0.017345303844040316,-0.028643898445593674,0.00035830134565006944,-0.0019301741149648777,0.003613885341393619
2019-03-13,0.007905192750934376,-0.01074555965608992,0.00011943562445360101,-0.004647527083507352,0.007412751482204882
2019-03-14,-0.02704667645395853,-0.016681295011579778,0.00023873738732227423,0.0031007746981881468,-0.0036620906518036733
2019-03-15,0.0022446356412917368,-0.018711530490080452,0.00035813581269650285,-0.0015492224632307483,0.0024677659547016617
2019-03-18,-0.011274076961115487,0.002445405404626566,-0.00023874295664594314,-0.0011634199285679436,0.0007466485466531836
2019-03-19,0.003621548847648981,0.00660758910067516,-0.00011939285605055971,-0.0011648491517943782,0.0018640723420295657
2019-03-20,0.0223423064203776,0.010687895731047004,0.0014315014900878609,-0.005844537141420858,0.009858882477295161
2019-03-21,0.005288722836507276,-0.013117176590028645,0.0,0.006232970975253771,0.01122246497032009
2019-03-22,0.0013178427645481605,0.10855211475842896,0.001667453830549448,0.0019398352465294089,-0.0280334062751475
2019-03-25,0.020852168769158297,0.004975129623974617,0.0010705200721243813,0.0,0.003893126678393699
2019-03-26,0.0038618435212733893,-0.058107680360885094,-0.00011891025432575475,0.003095974848549954,0.0029099023346583763
2019-03-27,-0.014668086457605423,0.015008408640161619,0.0008318937367670642,0.0011585514800436236,-0.010711371382686963
2019-03-28,-0.026421632990417887,-0.022597936570695865,-0.00011882549845942947,0.003467549336614084,0.004583205285833003
2019-03-29,0.0004461400430391116,-0.0312893579943081,-0.00059415798398188,0.0011532073639966,0.009994948573102569
2019-04-01,-0.02073084609630671,-0.017931530727322453,-0.0029763697408533574,-0.000768657125155503,0.015976766092826722
2019-04-02,0.0063550508341321255,-0.002787455611047207,0.00047682578087204774,0.0011527642385447123,0.00320865458500208
2019-04-03,-0.001358419343764794,0.006954157418473272,-0.00047682578087204774,-0.0015373144773858094,0.006314170515880235
2019-04-04,0.01929610276935856,-0.010099368933432107,0.00023839583817952814,0.0011532073639966,-0.002027801792653605
2019-04-05,-0.0031159470725605765,-0.020152695385791564,-0.00011923629304977368,0.0011518058178348056,0.007079388993041391
2019-04-08,0.01152496019107252,-0.004653638568918428,-0.0002384242686988003,-0.003459551968607144,0.0017261619043287268
2019-04-09,0.005713008731871305,0.0349057028881421,0.00011926472356904583,0.0003849943878981854,-0.000575056294422005
2019-04-10,-0.008802823271395699,-0.028467969724990105,0.000834273246173467,-0.001540794146118074,0.000575056294422005
2019-04-11,-0.016492499177112485,-0.019802600096911593,-0.0005958774079939388,0.0030792912006347706,-0.001798108827082423
2019-04-12,-0.0017994119273163633,-0.04613912708188783,-0.0005962326895945225,-0.002308634108079577,0.0020136560069294873
2019-04-15,0.00045015662441239,-0.013032003163124806,0.00011929317850523091,-0.0003852175567802263,-0.003887195738649929
2019-04-16,-0.01862419758263112,-0.008134888759491865,-0.00011929317850523091,0.0023094492480617568,0.0036716485588028647
2019-04-17,-0.006901321198555355,0.006976784520625223,0.00035783685141499433,-0.000769248413459156,-0.0036716485588028647
2019-04-18,-0.01488398150422876,-0.015962957450291082,0.00023839583817952814,0.005372207568036913,7.219188429896661e-05
2019-04-22,-0.017013671874829495,-0.00906765701698653,0.00011922207745129754,-0.0022988311755045565,0.00861700671468224
2019-04-23,-0.007655532620096217,-0.007952358647160374,0.0004766553305426413,0.0034463045167312245,0.01855968235527694
2019-04-24,0.009560338697330195,0.025617224513325265,0.0005954317126128927,0.004957152809828447,-0.00654857587753277
2019-04-25,-0.007161625924796855,0.01926841829934345,0.0,0.0019000285421890695,0.002399072100156552
2019-04-26,0.02039427559508722,-0.035350343003843765,0.0010710296430325172,-0.0011396273545991598,0.006953046084769099
2019-04-29,-0.021832812689583037,0.015303393822518885,-0.0003568521827634896,-0.002283085715913291,0.00558340227556986
2019-04-30,0.0023963221440284066,0.0,0.0007135770674722153,-0.003052269580257505,-0.008316693219056148
2019-05-01,-0.017870503740330612,0.03707664559224,-0.002738299941397848,0.0011457204295020063,-0.0028112264821062993
2019-05-02,-0.01720368686207374,0.0014998471282923198,-0.0004769963965447488,0.0022874377037607196,-0.00423155184526447
2019-05-03,0.005931843211153254,-0.04875271466344122,0.00035783685141499433,-0.003815356834510286,0.01876406409159692
2019-05-06,0.0004926495046975177,0.0551019450558865,0.0005959285245848989,0.0007642513824550612,-0.012774609979923746
2019-05-07,0.019995782735957146,0.15393788871039815,0.000476541779113937,0.0007636677482945053,-0.02532859946778032
2019-05-08,-0.011167853380908976,-0.019987797888224357,-0.0001191368766439993,0.00038154251797761773,-0.004260369193025859
2019-05-09,-0.002444354052404396,-0.00522364399656805,0.0005954516718524872,-0.0019094616487271843,-0.005151146577748733
2019-05-10,-0.0073692111859187115,-0.08039733657318315,0.00023802694393992851,-0.0003823448329485224,-0.0020387278560178856
2019-05-13,0.03154833845744909,0.14073314259037728,0.0011895576980061051,0.0,-0.03629205744649955
2019-05-14,-0.004309326831648974,-0.05706781672510397,0.0,0.0022918064816757067,0.01410908870436689
2019-05-15,-0.002402078300212107,-0.04299942540137014,0.0007129834824413095,0.00038146974284547497,0.016334976355659947
2019-05-16,-0.011124731295431012,-0.04386363461972076,-0.0005941780518590178,0.0026662214182557875,0.012024259820162086
2019-05-17,0.009198832065308693,0.014836021681579936,0.00023774985381841418,0.002279615898444387,-0.022637472497540223
2019-05-20,-0.0033791822794300153,0.014619128060583186,-0.0004754655387264606,-0.0007593188537877715,-0.019679671362808904
2019-05-21,0.0014495668031964115,-0.05176628896121649,-0.000475691713748283,0.0015180615798913166,0.012764829760727459
2019-05-22,-0.017044409540177607,-0.009506478698533716,0.000475691713748283,0.0007580951965904248,-0.002016538113643662
2019-05-23,0.003921569803270408,0.0640332912325694,0.001781808672778773,-0.0018964252789492875,-0.020391893285881757
2019-05-24,0.006339897365335023,-0.020892137876646455,-0.0003560897220706849,-0.003422713070512451,0.0006864447912535709
2019-05-28,-0.0073188723561457,0.02946999098967007,0.0008307090273280693,0.00418174375113356,0.0013715937650156107
2019-05-29,0.0,0.019286664105954365,0.00011855176812058943,0.0022735691931474733,-0.010948376849174046
2019-05-30,0.016994843454921416,-0.0179210439472981,0.0008299211689468677,0.0003784381808515924,0.0028443758161502686
2019-05-31,0.03872059166656472,0.03717155283736906,0.002130938544063987,-0.004170645300473286,-0.014536750657334174
2019-06-03,0.040840504199933125,0.010139071906914765,-0.00011820125139294646,-0.005333322723709344,-0.030525860918530157
2019-06-04,0.004436581440402154,-0.057254098015963706,-0.0007099525577816124,-0.0011465962154035836,0.031304482116499166
2019-06-05,0.0017690853258747197,-0.019485702737327415,0.0004733276188453317,0.003435779430078334,0.0034184415679545666
2019-06-06,0.01054962217005695,-0.02166658042219982,-0.0005916268053915985,-0.003435779430078334,0.005568900292777457
2019-06-07,0.000874062569415468,0.007512075571022514,0.0010647304911923783,-0.00421532342431119,0.018039170773134217
2019-06-10,-0.018964198752199124,-0.007153065382143886,-0.0009464313046461115,0.0011513637405284882,0.01092422210073174
2019-06-11,0.005771428686851987,0.001793051821621816,-0.0003551202149036925,0.00038351789367441214,0.0035153629304405243
2019-06-12,0.01624619434190322,-0.0046686800376321,0.0008284478337490242,0.00268044179010829,-0.0038151871547329463
2019-06-13,0.012121390558613943,-0.006138313995217803,0.0010641912499842476,0.0007645435341960827,0.00359117355710481
2019-06-14,0.003865160628036435,-0.01055902451606805,-0.00035466472629597234,0.005335355296170796,-0.006217846518489445
2019-06-17,0.00555672143716146,-0.010671637840727222,-0.0004729015847519946,0.00038002010874604863,0.010465774317667709
2019-06-18,0.008911622548834153,-0.007799519216577178,0.00011820125139294646,0.00151863792647422,0.01417728955007469
2019-06-19,0.01384540359881914,-0.033747255155078815,0.0021264072990776484,-0.0045627774355088135,0.0068683774116991
2019-06-20,0.04281996672626276,0.003080476940533927,0.00047193153683178224,-0.006116221220186624,0.005301553716231311
2019-06-21,0.006366907809580269,0.02318175623306562,-0.00047193153683178224,-0.0049970951208093695,-0.002610972019424729
2019-06-24,0.03737301457358644,-0.009056729017465681,0.000589902124318975,-0.0015426503273934244,-0.0008718041653574815
2019-06-25,-0.02085021182557867,0.02508086161178147,0.000235809473337234,0.0023130105498383458,-0.023013219390099593
2019-06-26,-0.004301031217759821,-0.007793659299130784,-0.0011797839511586972,0.0007698406121576795,0.006967137982133664
2019-06-27,-0.007473015412452266,-0.0157720158066601,0.0008260038903342704,0.0,0.009702445055265407
2019-06-28,0.009039147613476572,-0.01602476396043162,0.0,-0.0007698406121576795,0.0010965669298448333
2019-07-01,-0.039095507581075495,-0.05697745648755781,-0.002480061340437878,0.0072895215214212605,0.015011646457968375
2019-07-02,0.03870418575508339,-0.03775598272578051,0.0005910875641834679,-0.000764835909385031,0.007315037713405914
2019-07-03,0.003906269955595398,-0.005937226520655869,0.00023628314908474835,0.0,0.00626830805643408
2019-07-05,-0.010188185067130817,0.0029730195862005537,-0.002010504708114702,0.005341534897730149,-0.001279010671036751
2019-07-08,0.0011808970851099332,0.027192624062311932,-0.0004736638947759886,0.0019007508661399442,-0.011584763139492082
2019-07-09,0.009007287982020884,0.0028848030138166614,-0.00035537261490503624,0.0007593188537877715,0.012011354113068862
2019-07-10,0.0212158831422129,-0.030925982834411947,0.0017756917576630116,-0.004183334111143022,0.0036886543147991446
2019-07-11,-0.009973240410390716,-0.016691994378330133,-0.0004732156044751079,0.0,-0.002197396349716385
2019-07-12,0.010354782928368333,-0.01609783923893726,0.00011825719599745099,-0.001907276441975636,0.0059431076275622274
2019-07-15,-0.001145210266272123,-0.003955186694513113,0.00023665293792962672,0.0015260975155877432,0.0026770349977089936
2019-07-16,-0.004978033226710199,0.0030776723578829213,-0.0003549101339270777,0.004564513037530915,-0.003876951672034501
2019-07-17,0.03914692281775922,0.025142195926581845,0.0009461171892271025,-0.0018993792897865625,-0.005524084841779242
2019-07-18,0.04192879586281828,-0.010543436549775631,0.0011815467376088407,-0.005337389418486271,-0.00941849310643228
2019-07-19,-0.00960350471550342,0.011399172610253139,-0.001063311185285798,0.004957152809828447,-0.006328714855851736
2019-07-22,0.007477371194005933,-0.020307430343481148,0.0001182215743309456,0.0019000285421890695,0.005324559099218362
2019-07-23,-0.01141645246466716,-0.0359958640203053,-0.00023645712665398833,0.0045454219782352645,0.006722863145765423
2019-07-24,0.009996469428091626,-0.025665911552948284,0.00023645712665398833,0.0,0.014577195727249581
2019-07-25,-0.025910024959244105,0.030180609013043203,-0.0005911574600130365,0.0018879048483460004,-0.008749124205838399
2019-07-26,-0.005483457929582158,-0.025548897471380894,0.00011827749547155264,0.001507690017271912,0.015609944315191804
2019-07-29,0.017802459657265235,0.008741741293445404,0.0,0.0007530293339961247,-0.00953390043642166
2019-07-30,0.002158254993555264,0.02309363340436965,0.00011826350756027892,0.0,-0.010621824740847607
2019-07-31,-0.04896983980419467,0.05444409941660355,-0.00011826350756027892,0.006003764739368478,-0.008220453463959387
2019-08-01,0.04968824707841346,0.07589287308659287,0.0010636881638701468,-0.002997376727570611,-0.01133305003596874
2019-08-02,-0.002876662267774055,0.008217580266457247,0.00023617152109256523,-0.0022539253043198926,-0.017133207993691002
2019-08-05,0.02945041336109311,0.13265413674316884,0.002005523826447586,-0.0049010869070920116,-0.04508976786785457
2019-08-06,0.0024445513924766793,-0.06412903928805047,0.00047131986298243334,0.001133170557286789,0.0138864293002543
2019-08-07,0.0203701208579381,0.0050817276700532155,0.00011781772999697182,-0.000755304345175567,0.0064553562602975845
2019-08-08,0.01727978699003785,-0.06121318474353021,-0.00035340494615265783,0.000755304345175567,0.02858073573284159
2019-08-09,-0.013867965869506005,0.0359139245330895,-0.0005893458952872521,-0.001133170557286789,-0.013703343074665142
2019-08-12,-0.012337394548381564,0.07025457519570821,0.0010605546920547937,-0.0007560889040441054,-0.015634727803836235
2019-08-13,-0.0191476425972823,-0.07658724953824159,-0.0011784835537422822,0.004528269318305522,0.0223246650763409
2019-08-14,-0.0014069968940173538,0.12967024489592616,0.0012961836861062892,0.0022565399927469976,-0.0332170501485729
2019-08-15,0.01120066656272467,-0.026442051834939306,0.0021174023759646943,0.0007509782677046495,0.005879815366021113
2019-08-16,-0.01578699174927589,-0.05686104720064389,-0.00011754082551096445,0.0007504862659923894,0.01803345705613424
2019-08-19,-0.012453474425086597,-0.07594839605089909,-0.0010582203330784523,0.0022480139435478996,0.016243653955820392
2019-08-20,0.03240861529309269,0.02358423650601571,0.0007056046330040644,-0.0022480139435478996,-0.005459294401138237
2019-08-21,-0.005212856827798262,-0.05010686455085578,-0.0009408869340248316,0.0011246743989987706,0.0045023557767098765
2019-08-22,-0.007344008872774754,0.01763026153198055,-0.00047082056145608675,-0.0007496423714963285,-0.009694067937559225
2019-08-23,0.03957163935967145,0.11748090879425677,0.0016468582257607167,-0.005640158475852974,-0.027593068810066512
2019-08-26,0.0,-0.030145945988866885,-0.00047026705406416625,0.005265126448350532,0.010569229783785161
2019-08-27,0.03056716698688433,0.020081692641250815,0.000352698600907253,-0.0007504862659923894,-0.0008323605718150162
2019-08-28,-0.004920450151026934,-0.02293272531049162,0.00023503342295150276,0.0022497712196214437,0.00257047338106986
2019-08-29,-0.02497216510636724,-0.04265272208358173,-0.00047012209959884643,0.002618280651421667,0.014765126215766422
2019-08-30,0.006720480986266875,0.005571030842016711,0.0003526571298042569,0.0037285792283627828,7.43555910611704e-05
2019-09-03,0.016935494139803886,0.04313045806662341,-0.0009407553632838628,0.0022304642951946896,-0.013481353797277329
2019-09-04,0.01891771709002521,-0.06371113692205288,0.0008231869101269496,-0.006332674342533373,0.012662683620935589
2019-09-05,-0.05444428727951678,-0.03775492511652567,-0.0022359814531283106,0.0003736308189759008,0.01888099180476921
2019-09-06,-0.028726666031184678,-0.02988865721980627,0.00011783161265022102,0.00037349127112484837,-0.005200842827658647
2019-09-09,-0.02668722735081186,-0.009756165867938815,-0.001060714774398619,-0.001868852877898508,-0.002794771837496768
2019-09-10,-0.007965259863367269,-0.0032733222794778527,-0.0016523004361239657,0.001121730787797759,-0.008728457326989236
2019-09-11,0.007604566294507453,-0.01569628095570863,0.0,0.002985073975413144,0.00902307105535538
2019-09-12,-0.016366935907097258,-0.024016308282423182,-0.00023631745060193055,-0.002985073975413144,0.005287029207136307
2019-09-13,-0.023373390882750034,-0.01590408909275043,-0.0016554265357129339,-0.001495920842526921,-0.0011724199232006072
2019-09-16,0.024106545507241783,0.014623923092943247,0.0008280558224447176,0.004480994817940065,-0.0037466325966555303
2019-09-17,0.029960728518843904,-0.004707931290641287,0.00047287996454148384,-0.004480994817940065,0.007844381222362529
2019-09-18,-0.017940918421044394,-0.0327040271794794,-0.0005911574600130365,0.003735543504234329,-0.004097748625706998
2019-09-19,0.01722941154900015,-0.01834092368805651,0.00011827749547155264,-0.0022396226617074078,-0.0002934038209874146
2019-09-20,0.02077905869290353,0.05018664393710415,0.0010636881638701468,0.002612417780766041,-0.006844499035181251
2019-09-23,0.01624925329963789,-0.008624493231337738,0.0005903692862334609,0.0014897922665726426,-0.010392856997899713
2019-09-24,0.011253313158171352,0.045298736776088866,0.0010619311498905049,-0.0037285792283627828,-0.025392437791350808
2019-09-25,-0.036606278668652514,-0.02302798980206866,-0.0012980190244977763,0.00781395918069494,0.0171502897364606
2019-09-26,-0.011319529765785763,0.008435261119978499,0.00047221006848818803,0.0025911432748730867,-0.005810273003779898
2019-09-27,-0.023759210882082993,0.02693345476065323,0.0005898816964533538,-0.0014798008092138382,-0.023739580195160315
2019-09-30,-0.027328202904033372,-0.02987771328912059,0.0004717089225119153,0.003326565683538174,0.007873481882018751
2019-10-01,0.007831514765332948,0.043279003438082775,-0.0004717089225119153,-0.003326565683538174,-0.005860554289661479
2019-10-02,0.018038397137198903,0.06481580417048427,0.0010610548177991674,-0.0007407577288232048,-0.012529838823578388
2019-10-03,-0.005854383638571825,-0.03893342768414776,0.002118648379986432,-0.00037058473683604376,0.01330286434259964
2019-10-04,0.022497350497032276,-0.054525936503896144,-0.00011760992425990935,-0.0007415817274551983,0.010684597268894258
2019-10-07,-0.01046000200740771,0.007444215638950702,-0.0010589326057610648,0.001852924193114447,-0.002602943979218786
2019-10-08,0.027888853586613305,0.07804391675345101,0.0005884442965413683,0.0014798008092138382,-0.020993056778483954
2019-10-09,-0.010991118416053602,-0.03411180171674211,-0.0005884442965413683,-0.0007395913962593426,0.008186187364058739
2019-10-10,0.0,-0.03736125587502093,-0.001177838496792205,-0.004077878080819275,0.00626971223896966
2019-10-11,-0.03926349307740251,-0.05944847458228164,-0.0009433066771604715,-0.0037216411357579027,0.01978746904702433
2019-10-14,0.003700980660596098,-0.03312292135476502,0.00011798450618805134,0.0029784059518944694,-0.0036377130746521047
2019-10-15,-0.03304841344134912,-0.02638915236336814,-0.0002358929226273787,-0.0029784059518944694,0.016266556337947158
2019-10-16,0.019660313934011242,-0.012526280879668228,0.0004718201821836132,-0.0026133931328526927,-0.0013454380667932142
2019-10-17,0.013757452381427004,-0.006087546673330557,0.0,-0.003745337044223085,0.0027637374617883737
2019-10-18,0.0014760487906584352,-0.002351336310323582,0.0003536966190660351,-0.0037594173457939917,-0.025382845437673218
2019-10-21,-0.02011244360263076,-0.026719121200479812,-0.0004716532911350768,0.0007530293339961247,0.015111001666825885
2019-10-22,-0.0015059870145548437,0.015831461353578824,0.0003537383350247225,0.002255620025260807,-0.012360383964474586
2019-10-23,0.01012186892758482,-0.012452279074148809,-0.0001179288616874885,-0.00037552381786642997,0.0006102351980814547
2019-10-24,0.026138097371219526,-0.01407453090041022,0.0,0.003000749487326093,-0.002137396075525544
2019-10-25,0.007962376936720972,-0.03329490989970463,-0.0005896729834518055,0.0011229190446480075,0.008522309477491774
2019-10-28,-0.024818803629130137,0.009554944432720092,-0.00035398877382597504,-0.0007485201800698782,0.012199943204299402
2019-10-29,0.00552791614184267,-0.001001525294099359,0.0002359764310027046,-0.0003743988645781293,-0.012806293338083918
2019-10-30,0.008781676600895683,-0.02485544089795244,0.0005898325250068837,-0.0022497712196214437,0.005443845673193337
2019-10-31,0.025181145285050555,0.014278707229869791,0.0017672334082083907,-0.0018786117676210523,-0.0076448506388411275
2019-11-01,-0.004985743590927072,-0.045580087492195,-0.002239053590392004,-0.00037616057872469355,-0.001064310490265008
2019-11-04,-0.01764856774445267,0.0015884980270772786,-0.0007081929755736738,0.003755182071047969,0.014048573867076364
2019-11-05,-0.020187918006962402,0.020424972496865035,-0.0007086047289686093,0.0037411334174657362,-0.005339412737970228
2019-11-06,0.012161562552378768,-0.0036355065623050464,0.00059059886222812,0.0,-0.004913225844059177
2019-11-07,-0.0301193796007464,-0.009409290368935341,-0.0011815467376088407,0.0022379518853123948,-0.0006821780503987185
2019-11-08,-0.009863518216797651,-0.02123230093437556,0.00011823555232304273,0.0022329546381887333,0.003708539609879047
2019-11-11,0.00038117892638789286,-0.003762417582453992,0.00023642917397292962,-0.0014880586082326452,0.0004531537944583164
2019-11-12,0.01325025564021498,-0.011917763641688062,0.00011810347825758072,0.0014880586082326452,0.001961450315138613
2019-11-13,0.0059992623485429775,0.007059446153656168,0.0004725448003926047,-0.00037182484407649596,-0.008932746363730537
2019-11-14,0.009302392662313697,-0.016366935907096813,0.0009444202321535755,-0.0007439937221866977,0.0036433511749560665
2019-11-15,-0.00967630289006216,-0.043851921238743596,-0.0003540305587321768,-0.0022355215327216627,0.008073932206686507
2019-11-18,0.017056438236928706,-0.0011501127469979444,0.00047204290155544726,-0.001866688514617021,0.005321803280771142
2019-11-19,0.0011022885234672763,0.010872813279928284,-0.00011801234282327044,0.0011204739175756373,0.0017924437950815886
2019-11-20,0.004031547002262936,0.010192631091558546,0.00047187585293784196,0.0,-0.006062647846239777
2019-11-21,-0.019202970402057762,0.0022510372193500494,-0.00047187585293784196,0.0014919438631904036,0.0042702040511581885
2019-11-22,-0.0022396226617074078,-0.029086750028436192,-0.00011802627138113309,0.002977297474583196,0.006853920490485166
2019-11-25,-0.021148803926283488,-0.04437284974005351,0.00011802627138113309,0.0007429590871841363,0.012689223614532175
2019-11-26,0.021895926016384237,-0.014625474556531515,0.00047187585293784196,-0.001114645728931496,0.006066174664848489
2019-11-27,-0.00449105687617557,-0.004923199547340218,-0.000589902124318975,0.001485918379420248,0.008777969558442678
2019-11-29,0.015631136199634188,0.020153465679448868,0.0003539470306437309,-0.0011142317376728883,-0.004923568506605136
2019-12-02,0.0033179810195580473,0.05068843934907363,-0.0018891968697083428,-0.004096100019589599,-0.0161713303389881
2019-12-03,0.021842891556537847,0.056423802659735234,0.0014172996794430404,-0.001119984416783737,-0.002955039788353986
2019-12-04,-0.010497867106734393,-0.047270429163004835,-0.00047221006848818803,-0.0011213115178696498,0.0005177119505228589
2019-12-05,0.0050817276700532155,-0.013184458468571858,-0.0004724331561849482,-0.002246330628471238,0.0047951783358870514
2019-12-06,-0.02381506667409994,-0.035235611688207324,-0.0003544488551279201,0.0037411334174657362,0.006455345377523791
2019-12-09,-0.0018556040814088348,0.05069543608163496,0.0,-0.001120892561246034,-0.005572638868594382
2019-12-10,0.007770588126435829,0.0017030250886809206,-0.00047282405662318894,-0.001122150371381636,-0.0041261298854324835
2019-12-11,0.021153230098223563,-0.023530489682503042,0.0008272729117511091,-0.0037494784772449385,0.007136327500749218
2019-12-12,-0.0018060051152275491,-0.06106016979133466,-0.000945536419311388,0.001501464533697039,0.0008792784043762936
2019-12-13,0.0021668288308829275,-0.04223766936715512,0.0011817358428336533,0.0,0.0019756657408755984
2019-12-16,-0.011976188559691625,-0.02147820466232586,-0.0005906482786501854,-0.0018772011005636635,0.01227813302270242
2019-12-17,-0.008432663918864769,-0.007263132412271833,0.00023628314908474835,0.0018772011005636635,0.0028840880143077285
2019-12-18,0.010620898676942048,0.009891252348394719,0.00011816570604317178,0.0018736838182071835,0.0052421630364669625
2019-12-19,0.0010922549467551335,-0.025250519054213605,-0.0014186401051121678,0.0,0.010615320824931551
2019-12-20,-0.012818354959019729,0.012040299799532583,0.0,0.003363866203627275,0.006216938878214506
2019-12-23,0.023316222065754122,0.0033189669062863025,-0.00023659066553882724,-0.020354981458282406,0.0028832848428637092
2019-12-24,0.03154609927313823,-0.009990131273735159,0.00011825719599745099,0.0,-0.001335070520568138
2019-12-26,0.014548232965776009,-0.0013395517287273506,0.0003549584084776569,-0.001524425442937627,0.009169542484043447
2019-12-27,-0.0072476272974930644,0.020564536961211743,0.0007093587114059829,-0.00497034715054312,-0.0020925099775164213
2019-12-30,0.02124819232161057,0.03420796210233057,0.00035449074872673236,-0.0019182524982892524,-0.013142790782308289
2019-12-31,-0.007146502521729214,-0.04145673577014897,-0.00011817967082716763,-0.002691853264161548,0.0004950459086998649
2020-01-02,0.0023878467272520076,-0.041180280512371326,0.0004725448003926047,0.003459551968607144,0.03036445435201074
2020-01-03,-0.006151772776247011,0.0523609347759022,0.0008263939607724424,0.001150553793843656,-0.006814257156828596
2020-01-06,0.0017125963282680345,-0.013829659925544302,-0.0003540723535024881,-0.0023023596116784617,0.009075396437695282
2020-01-07,0.009536880522382774,-0.0046526966265361125,0.0,0.0034515911526669107,0.004779450260333107
2020-01-08,-0.039763219716291154,-0.014089467236433784,-0.0004723216072699543,0.002676342373136187,0.007532357578518223
2020-01-09,-0.010994948812333316,-0.0427946510320143,0.00011812384212905869,0.001907276441975636,0.009621010829126142
2020-01-10,0.014516092572042005,-0.004240318665330367,0.0002361157572741135,-0.0007625032055571523,0.0016056083760789264
2020-01-13,-0.02419186958637587,-0.025826374821163345,-0.0001180058667404893,0.0,0.016311240288732876
2020-01-14,0.017491067552710238,-0.007294006166824296,0.0001180058667404893,0.0003813242791692595,-0.0074595512306334655
2020-01-15,0.01858075106874324,-0.002932550653278021,0.00047215436136927025,-0.0015260975155877432,0.0013243079189324547
2020-01-16,-0.00417685386788369,-0.024527422464147186,0.0,0.0015260975155877432,0.005806329963852441
2020-01-17,-0.008758157202914951,0.002254772346345746,0.0003539470306437309,0.0034253184354224864,0.003939638000905354
2020-01-21,0.01847710501922739,0.008224391057436442,0.00023595509367524414,-0.0007601846876781337,-0.008357264048500568
2020-01-22,-0.0038069126651074647,0.00815723140819058,0.000235809473337234,-0.0007606904301411532,-0.002183057983756953
2020-01-23,-0.0062609006316365345,-0.00369961141388897,0.0003536549447540338,0.0026600697199277157,0.001521991696312952
2020-01-24,0.019350965747437332,0.054106236657780915,0.0003536198122207068,0.0015168379226939699,-0.010836722171959856
2020-01-27,-0.004802732781661323,0.09824256478505955,0.0010598403738377726,0.0015146127756708871,-0.020939677882155117
2020-01-28,-0.026835569782550195,-0.057645303690454064,-0.00047093144470622406,0.0,0.016249470242137853
2020-01-29,0.01924149423524746,0.001347739931632841,0.0009416412173752775,0.0015122501357263118,0.0
2020-01-30,-0.004514717436528315,-0.016978336094551683,0.00011766526811740619,-0.003026862911397199,-0.007414869537271329
2020-01-31,0.009009077980465463,0.10398973449101145,0.0012931361020758203,-0.004176907642621686,-0.013555641577545074
2020-02-03,-0.014943816266477672,-0.03902325378767868,-0.00188151114286228,0.004934500786912377,0.021641918361015478
2020-02-04,-0.01801851400244958,-0.04933588454041393,-0.0010598403738377726,0.0015134666175145028,0.024266944413528613
2020-02-05,0.0,-0.043410199830090423,-0.0007072747569747406,0.0037735318030986953,-0.011860991887688854
2020-02-06,0.012400526965690162,-0.007776614435076823,0.0002358438177978428,0.0018815111766219417,0.012319370137108265
2020-02-07,-0.01668774085159086,0.02037302351113457,0.0005891865426823628,0.002253078898465599,-0.008746327918901287
2020-02-10,0.016335558102520853,-0.019663535812527222,0.0004711533256260836,0.0014992849536290542,0.0039552201567705225
2020-02-11,0.0014079874111376789,0.0014173995215025492,-0.0004711533256260836,-0.001124252926126612,0.004201682855065059
2020-02-12,-0.010963839610016013,-0.05233754547123981,-0.0004713754157261718,0.0026212220596786295,0.0194634404934515
2020-02-13,0.007087161262358865,0.021410930160052466,0.00023576043504291988,0.0011213115178696498,-0.0018006357231508119
2020-02-14,-0.0003531777903580391,-0.012495504175950689,0.00047126432333044477,-0.0003736308189759008,0.003918680418617093
2020-02-18,0.03198048320322622,0.01759574466597469,0.00035328009521773396,0.003729970005369232,0.0031367402777515707
2020-02-19,0.01763356852923259,-0.0146415356816183,0.00011776224265958035,0.001859745249980005,0.006180439334872112
2020-02-20,0.0,0.03478608242321046,0.0002353930898078005,0.002968459481157648,-0.007011699200896615
2020-02-21,0.02980351794458702,0.05945079146877408,0.0008235743239071169,-0.005945756955740844,-0.01944188101883526
2020-02-24,0.012966133871942898,0.17050710329989727,0.0016451166126119077,0.000372656194647103,-0.03937734993575592
2020-02-25,-0.03540192539069187,0.09030720726558927,0.001056198738380587,-0.002985073975413144,-0.024239858237513623
2020-02-26,-0.003342198093262194,-0.021427516572396055,0.0007034536337648944,0.0007471220901007491,0.004646159295061736
2020-02-27,-0.05930731928983768,0.15029447201580748,0.0011713539511069015,-0.005992521409872609,-0.03599360872773438
2020-02-28,-0.07102488888667668,0.036156559524669785,0.003622617870290945,-0.0033866504618900173,-0.004312454441311786
2020-03-02,0.03999791612063497,-0.034793820900077765,-0.001868110984133864,-0.005291066644404374,0.03614638680503823
2020-03-03,0.04967965810380193,0.10422505514204028,0.0039655284136648206,-0.004176907642621686,-0.025827395850519963
2020-03-04,0.015568515789270876,-0.06113603119579869,0.00011633017215562091,0.0034188124460312608,0.033302526214215256
2020-03-05,0.023410756941254718,0.14842001655664605,0.002092784262117675,-0.007613312733128819,-0.020411059527814857
2020-03-06,-0.013844551725058718,0.11126506661686708,0.001160748554910107,-0.005748228780253939,-0.02407516269943244
2020-03-09,-0.07408183144737768,0.21465692290005878,0.005437639753087531,-0.010819297401209127,-0.06239245068179411
2020-03-10,0.006569377920924602,-0.08024560767854183,-0.0043940548894063625,0.014655143262233494,0.040748311248300695
2020-03-11,-0.08816948167278049,0.12521485550908595,-0.0011595371449333314,0.0015301842179820113,-0.04644286659138963
2020-03-12,-0.12061782767196716,0.20297253362997525,-0.00023212198282607233,0.010646514426208675,-0.09403768517213429
2020-03-13,-0.1605960053399631,-0.09193749055254097,0.0012757393704507791,0.03712378713808917,0.056050954651261975
2020-03-16,0.16863177662773499,0.3152499181706072,0.0016213019431319253,-0.03259551781978365,-0.10790217211221531
2020-03-17,0.12560769637020508,-0.01189277996799909,-0.002316925838935724,0.017541081190803443,0.04513099069745419
2020-03-18,-0.2590755450333737,0.16490885348395157,-0.0012766276808742205,0.015054436628980206,-0.03659533732151665
2020-03-19,0.07769474360270312,-0.10697211955216801,0.0017404601885964155,0.023411824227833833,0.023104199728937402
2020-03-20,-0.03443674691747445,-0.023664927646146694,0.0026627596345436544,-0.0028520491048094065,-0.01674991803418191
2020-03-23,0.06499467252946589,-0.16909802741685098,0.001155517547929641,-0.0014291147789387004,0.014411372533756683
2020-03-24,0.13700230503226463,-0.08103738854040321,-0.0013867460777792218,-0.011506768492540953,0.05507989742475239
2020-03-25,0.04509119337558021,0.07652891209276058,0.001155784613081856,-0.009447753180721108,0.0
2020-03-26,-0.017638459042058408,-0.10951676009152056,0.001154450317020661,-0.016194635326801876,0.040372194252682014
2020-03-27,-0.05895771363722124,0.10360535269477911,-0.00023074824821556206,-0.008196812639084339,-0.03488870723578863
2020-03-30,-0.018219987401131288,-0.039710899757894325,0.0004615312717426434,0.00447932213694946,0.026657549590181517
2020-03-31,-0.03790103910901532,-0.05017918242138153,-0.00023078302352708135,-0.0007451735683856597,-0.0006359951758412308
2020-04-01,0.042071202758768855,0.08235191407811593,-0.0005770145246266623,0.006316204410402371,-0.03842260451654944
2020-04-02,0.041171504471602116,-0.05863537457330903,0.00023082815316399774,0.005171765913389859,0.004205626199682122
2020-04-03,-0.0036007300182281377,-0.04116516605340648,-0.00023082815316399774,0.005511736350616303,-0.010505921677110841
2020-04-06,0.054214849331882586,-0.07395569930524815,-0.000692980601499471,0.0003663059760783405,0.06549959286323492
2020-04-07,-0.009536597110987977,0.028032687691875946,-0.00023104151740760415,-0.009199697156708986,0.004352206812037629
2020-04-08,0.004207334889720027,-0.023541427570840767,0.0005775477912104421,0.0036900552417895582,0.016916951113304712
2020-04-09,0.09981079048582098,-0.01976965230232608,0.0003464743276966331,-0.007393706665046906,0.007898640285778136
2020-04-13,0.06129492034620565,-0.020905005897411844,0.00011537670241867914,-0.001485366595937343,0.015388983579140536
2020-04-14,-0.0009751564663771362,-0.08453569574462838,0.0,-0.005589715255349237,0.03261196063221039
2020-04-15,-0.019705083731727857,0.0771392310331338,0.0003463143728170692,0.007446008272215643,0.005894999633741627
2020-04-16,0.02521831566588517,0.008133176683749355,0.00023072161875514752,0.0044411931413437244,0.020503712210789615
2020-04-17,-0.032207829357606244,-0.04236759524994538,-0.0003461464175797957,-0.0025882689482292776,0.0001404695811464407
2020-04-20,0.026369333835638997,0.09262939239316381,0.0,0.003326565683538174,0.0035045946462091138
2020-04-21,-0.005872783842104656,0.08025811225955026,0.00023074824821556206,0.0014748899556900064,-0.030909354377109288
2020-04-22,0.06185573586395421,-0.04923187333522261,-0.0003461863714626645,0.0029433400798288822,0.027545209583115238
2020-04-23,0.027606785691490998,-0.002946115522830972,-0.0001154514507453186,0.0003673178771150809,-0.0007725576020813918
2020-04-24,0.0151451194123573,-0.05937712266008388,0.0,-0.0022058636283848188,0.009649108856929267
2020-04-27,-0.004134659969592391,-0.07655653352679925,0.0,-0.0025796842842491507,0.0074869436193232275
2020-04-28,0.0005917295168660353,0.01573618490000861,0.0003463143728170692,-0.0011076496093980204,-0.021289938286317422
2020-04-29,0.00648579530374338,-0.06244186580753386,-0.00011542479882464818,-0.004071840267254601,0.03487233259569056
2020-04-30,-0.05341443197371909,0.031246178260472046,0.0017296230535075452,-0.006325534354640006,-0.0004088698186155426
2020-05-01,0.0314290584207928,0.08403626139867315,-0.0023068588762633624,0.0011191487441317705,-0.03227876513051342
2020-05-04,0.020809334000712276,-0.02283709658662625,0.0,0.0055772452171667375,0.010016493102799728
2020-05-05,0.023263602390451776,-0.04029432025254032,-0.00011550478135191611,0.0007413068576327397,0.018095737646255827
2020-05-06,-0.03183215548220053,0.013867734686483502,0.0003464743276966331,0.0048050754677109175,0.016630261919316602
2020-05-07,0.03870694236456318,-0.04539114757116591,0.0006924126939908959,-0.002954208984355944,0.02131280748735076
2020-05-08,-0.0048647447615066675,-0.06962215487446732,-0.00023072161875514752,-0.00036989934157727333,0.012638040861799205
2020-05-11,-0.028220089991349173,-0.06899292606058927,-0.0003463143728170692,0.003692710045616554,0.012994395581377383
2020-05-12,-0.0014764283620554153,0.09581177354913839,0.00023088957399242105,-0.001844650510341772,-0.01599206132711295
2020-05-13,0.007067216442123048,0.09935364856673834,0.0,0.001844650510341772,-0.010365518432540632
2020-05-14,0.031198312787917626,-0.05655034118082014,-0.00023088957399242105,0.0011052013353225476,0.006048658666108153
2020-05-15,0.03931915533915209,-0.02349244666710204,0.0005770359915722167,0.0007361228785667251,0.01560911713595381
2020-05-18,-0.017655614197265912,-0.06665359842245655,-0.0008078907987965067,-0.00812716786557477,0.018604816189117912
2020-05-19,0.03500490813514734,0.05095729058563192,0.0005771691800413592,-0.0007420612791935177,0.007195180163965809
2020-05-20,-0.01625607395033324,-0.06685403088234576,0.0,-0.0033463556438704245,0.021033786940166443
2020-05-21,-0.02629183564783233,0.028665300714635134,-0.00023086292207175063,0.002232123906197536,-0.00561957619184561
2020-05-22,-0.0030894733678050734,-0.00956118646525761,0.0,0.002968459481157648,-0.000867352715856029
2020-05-26,-0.0422293790989805,-0.015253937329055223,0.0,-0.007437700818931248,-0.002233809685474597
2020-05-27,-0.010916253602199166,-0.02030527425639095,-0.00023082815316399774,-0.00037335182747488815,-0.006481346957009748
2020-05-28,0.008566022529116868,0.03933666985788342,0.00046169107523574837,-0.005241543142167959,-0.005328703370213184
2020-05-29,0.009367741111531824,-0.03994018396735788,0.0,-0.0015025926324732097,0.021823177852662745
2020-06-01,0.030418453193748363,0.008715219826131548,-0.0009235954075839103,-0.005655042979720637,0.012832384003696795
2020-06-02,-0.037142628295599334,-0.028222067036022036,0.0,-0.0011348851669858995,0.00990824577033056
2020-06-03,-0.03766130333851736,-0.04404617236343178,-0.0008088242768033993,-0.006074424391275812,0.00683005121593272
2020-06-04,0.008492582705884821,-0.00807367533574821,0.0002311216256316584,-0.003815356834510286,-0.015403418904651467
2020-06-05,-0.019826836111550783,-0.05567176714773181,-0.00034674657353139793,0.0019094616487271843,0.015582521446527942
