Date,PNQI,SPY,XLK,SPXL,TQQQ,XLY,XLF
2018-12-21,-0.03753036447947622,-0.026525019477182,-0.035184494249389076,-0.06378596005696346,-0.101605820270259,-0.026833781610585028,-0.02641412263161058
2018-12-24,-0.010626051193760588,-0.026778295497672744,-0.027051843658298935,-0.08255334099623157,-0.07692448951873398,-0.01916715000461,-0.02128689892351643
2018-12-26,0.05672671443456068,0.04928990931799593,0.058642130084929356,0.13529996879044148,0.16550889835264648,0.05756297596138715,0.044276363889448334
2018-12-27,0.004303386128046149,0.0076480479963194625,0.007175543566762421,0.021026980909635284,0.014121744433480465,0.005322938664760635,0.011935379799683954
2018-12-28,0.00036540528839168473,-0.0012908207168935704,-0.002277524766299166,-0.005918174698064771,-0.004132743473140188,0.00010210950376876582,-0.0004238283076225535
2018-12-31,0.0031005310973739597,0.00872068611466048,0.00940188496939065,0.027424402604554032,0.022386948337511647,0.010661653972293017,0.009702651227495362
2019-01-02,0.006895903501006551,0.0010397701860407338,0.0006451760792716144,0.000911401505058862,0.014207416967780162,0.0075464460751488716,0.008361284594033958
2019-01-03,-0.027223106390593443,-0.02415209113948702,-0.051785634460991936,-0.07698535216230251,-0.10190626367260469,-0.02188984500043656,-0.02273786024544444
2019-01-04,0.04931210007086051,0.03294696944123299,0.04336588822025789,0.09623404840783456,0.12036672360861944,0.03255847077990204,0.03267993748644171
2019-01-07,0.0213519003086029,0.007853723405747637,0.008903324542584024,0.02384222912141265,0.031381206403113815,0.022360436884329538,0.001235867755173814
2019-01-08,0.012561458211924226,0.009351468556684672,0.008345425777865678,0.026691217810077994,0.02845921848631905,0.010995475229637286,0.0008229856537789182
2019-01-09,0.008852636291893035,0.004662604047895869,0.01286244598241204,0.014619333588110628,0.023353021135213314,0.005071041651008912,0.004924131402102017
2019-01-10,0.0049875106306149775,0.0035213489085501593,0.0044080483416930605,0.011101909851236158,0.009571777245433566,-0.0028672046718831723,0.00040925839368455286
2019-01-11,-0.002871107724237376,0.0003862283308011527,-0.0018867762069803007,0.0002760352180346537,-0.01197905986960679,0.0009566486105985206,0.002451961395502522
2019-01-14,-0.0058522065886474905,-0.006119609612380117,-0.009328870639921938,-0.01837979378936616,-0.026375199485118017,-0.006138513199728024,0.0069148160831637995
2019-01-15,0.023704562520296513,0.011395631602565182,0.01497861265253242,0.033985850997761524,0.05395003440006052,0.00900298019868373,0.008878158223696087
2019-01-16,8.308457345673759e-05,0.0024169150781272464,0.0009384883890346529,0.005688734812177021,0.001405753703024093,-0.002290931391572215,0.021070176905102045
2019-01-17,0.00843680984189632,0.007558078730287576,0.006389855081497586,0.023756605992581115,0.023143824512259936,0.006762243890278796,0.005492339852417594
2019-01-18,0.010406064014581773,0.0132222096029313,0.015109687987708398,0.037281010583070984,0.027083595772275704,0.013763406477838025,0.0170679294064211
2019-01-22,-0.026765168062251377,-0.01360259113704032,-0.016975692945568888,-0.039922281862628584,-0.05680481729532261,-0.015093188125843149,-0.01160551643394836
2019-01-23,-0.002766732654297499,0.002090252236641277,0.003418294481635442,0.003959295399832197,0.0009423066612082032,0.001994009939629393,0.0011665869150707664
2019-01-24,0.012680545791566189,0.0005312894201532359,0.008341118819441107,0.0026309483267534794,0.017505406254785694,0.004165118137568591,0.00232924688996361
2019-01-25,0.01994403466454653,0.008425837326943686,0.014052440677587263,0.02695853001601556,0.035011466621785114,0.01099168539555162,0.008109682628913983
2019-01-28,-0.004887582899515408,-0.007629258522316107,-0.013437325881447748,-0.02485884379693548,-0.03755984302741844,-0.005809565722315391,-0.0030816635939689974
2019-01-29,-0.01505645176503112,-0.001327868224780815,-0.01081934154259212,-0.005257655858869725,-0.02870788252844436,-0.006505490586070195,-0.0034782702734590387
2019-01-30,0.026020125904981484,0.015706769299985268,0.030606827450841756,0.046352351049396834,0.07228178681621333,0.019483585501681944,0.005790389468550483
2019-01-31,0.02275824728756959,0.008744102128511066,-0.0010555636398006385,0.026323783350744367,0.04303140212675949,0.009049795988715914,-0.001540794146118074
2019-02-01,-0.0025297035167843873,0.0004815085008074149,0.005866875024526763,0.0007350874666802731,-0.012845359366314923,-0.014724499293189197,0.004231539435386011
2019-02-04,0.011881033317870049,0.007010817745824127,0.015921766688371974,0.020844108774867642,0.03597511843268553,0.006509200426219053,0.004213781844255138
2019-02-05,0.013826586476973546,0.00418308559018854,0.00837931714976392,0.01239587915241902,0.026055437149610228,0.009317860044574466,-0.0026794157589704604
2019-02-06,-0.007588784994297271,-0.0013191262046063912,0.00336139680036851,-0.00379776982925506,-0.007929275635657262,-0.004140834817542682,-0.001150553793843656
2019-02-07,-0.018197945948791983,-0.009578527266094206,-0.013809569327280613,-0.02968721836976629,-0.04168138107751629,-0.008240400430539196,-0.010027088847039067
2019-02-08,0.003161320246670485,0.0012207935612060794,0.005752643641848465,0.0029353967835863415,0.00509442538142002,-0.004005784065951978,-0.005051464501120151
2019-02-11,0.0007887559335815197,0.0005544138732611614,-0.0004413207864244484,0.002195930013465297,-0.0023317575404524504,0.0017719980771930821,0.003111629254590742
2019-02-12,0.017894545189139244,0.012777420783778304,0.01315618344186742,0.03778550513334311,0.04238276491857995,0.015257603477171422,0.014649420305155925
2019-02-13,-0.00023235955559108845,0.0032416722801613673,0.0013060932048265528,0.008645898727784207,0.0020320770248352105,0.006767886293434167,0.0026753924719762345
2019-02-14,0.003402697968104107,-0.0022206731625571408,0.0017389187036638276,-0.006770211962789485,0.003647426753747407,-0.003652652513380872,-0.012289002682052796
2019-02-15,-0.003557555524877465,0.010838312654595228,0.007931443151814044,0.031814603328144564,0.011863015728177384,0.006837789478067791,0.02102930295794092
2019-02-19,0.009484557958619355,0.001729084344457732,0.00028718430126506433,0.005205387899881231,0.005978556068556795,0.00408038448223369,0.0015122501357263118
2019-02-20,-0.0038446797705908864,0.002013438816184099,0.0011481320248645233,0.005851966608966475,-0.0007950887804160089,0.0019888020950604712,0.006401832462601842
2019-02-21,-0.00866618232847749,-0.003562208771730191,0.0004301825410042426,-0.011057354508847705,-0.011398977194770232,-0.0019888020950604712,-0.005269089768916935
2019-02-22,0.015193299797339854,0.006180848820195983,0.012679126953918818,0.018881211772910245,0.021489048371881925,0.005414673157792649,-0.0015106089057961292
2019-02-25,0.004429531101068029,0.0013603065239564671,0.004801646857033326,0.0037782460874602464,0.010963331699554768,-0.0033356149848202676,0.004148624199614037
2019-02-26,0.0003809611322154183,-0.0007157028820419242,0.002110955619443189,-0.002443101862021013,0.0031104194157647314,0.0013536213566913702,-0.0030154536423272482
2019-02-27,0.005166459755061581,-0.00042968958976441485,-0.0009845938959589517,-0.0022262317442200974,-0.0031104194157647314,-0.0007217125451379758,0.0037679163498052226
2019-02-28,-0.008600112719963526,-0.0018642707295812855,-0.002818448185100131,-0.006484027152049876,-0.006250014291515615,-0.005429372519535569,-0.0026360284147370905
2019-03-01,0.005184068065474001,0.006224383297258385,0.006751020546748698,0.019327468378655954,0.019787268971442007,0.008043054514966563,0.006389800847349303
2019-03-04,-0.002131376232787474,-0.003644102199571897,-0.0037918260527725067,-0.012397798212598232,0.00019203536850831426,-0.00315527398605564,-0.006389800847349303
2019-03-05,0.014074087231276344,-0.0013610005125164193,-0.0029591944939761916,-0.0033470456192321585,0.002493548190358741,0.0025250151465749937,-0.0037778805968216034
2019-03-06,-0.004065607823946493,-0.006075340033060428,-0.005235282570467348,-0.019409333829242037,-0.017391772199681466,-0.0046943901404761235,-0.006455312944281033
2019-03-07,-0.018272371213916117,-0.008400588280337296,-0.0095503281743472,-0.02445338371417005,-0.03713320381184371,-0.012199750411673982,-0.01033899541502814
2019-03-08,-0.002923898872092323,-0.0020019964439574878,-0.00014326629584360262,-0.00679559547121622,-0.005680655854241934,-0.006985914066289567,-0.0003849943878981854
2019-03-11,0.021422564951715017,0.014397105360716367,0.021259304793538547,0.043029823241444554,0.06058870900861946,0.013650505840443472,0.010342956118551072
2019-03-12,0.003613885341393619,0.00376387377028653,0.005872581134227062,0.010529892378408068,0.016146204442221368,0.002816753102510283,0.0022839548213564598
2019-03-13,0.007412751482204882,0.006597410473970555,0.006530886692747373,0.019640914208531868,0.021438075495044284,0.0035324468955266752,0.006820803607045622
2019-03-14,-0.0036620906518036733,-0.0006399739801761228,0.002075428356586251,-0.0024066699251776846,-0.00443626747479664,-0.002988201964128301,0.003769336633088205
2019-03-15,0.0024677659547016617,0.0005333400882339134,0.008806984208848512,0.014786098483982713,0.024520902170390713,0.002988201964128301,0.0018793178965075263
2019-03-18,0.0007466485466531836,0.0036192965574421976,0.0042382343303080106,0.009665996110915565,0.008997721361032163,0.00962800176882439,0.010087904115507307
2019-03-19,0.0018640723420295657,0.0002479320276895791,0.002044210544697833,0.0017087110431699415,0.009982281989862507,0.005002289878675903,-0.007837289000677927
2019-03-20,0.009858882477295161,-0.0030144756619758795,-0.0027266131739294153,-0.010080540497962698,0.011112156970971121,0.001424593160157528,-0.020822298579342036
2019-03-21,0.01122246497032009,0.011231393051487792,0.02480909744501325,0.03244900998984779,0.045267512522590536,0.013609267289131033,-0.0030651336434290855
2019-03-22,-0.0280334062751475,-0.01943396344627324,-0.02385392653293028,-0.05887839780201354,-0.06761676378423154,-0.020036150327964464,-0.028017370288698995
2019-03-25,0.003893126678393699,-0.0007522666061259287,-0.0043739776608688885,-0.0035476721479295037,-0.006297789044049651,0.005892906893466332,-0.004350436405273772
2019-03-26,0.0029099023346583763,0.0074264357264635095,0.005464515260619862,0.02218648566282777,0.013625135704356417,0.004263982020923152,0.011820513639684282
2019-03-27,-0.010711371382686963,-0.005242807627602986,-0.005738479402716656,-0.01510368286462338,-0.01978123234435536,-0.00204086967471806,-0.0043179893863816154
2019-03-28,0.004583205285833003,0.003783278073496099,0.004102226701514056,0.011621636878579089,0.006336555469282246,0.006021983246599305,0.0086173394851623
2019-03-29,0.009994948573102569,0.0062857129970002035,0.009777389496361977,0.019216815385135533,0.02230841158386454,0.005195699560255562,0.002726377420215531
2019-04-01,0.015976766092826722,0.011789391005819105,0.013556373256649934,0.03364493765907994,0.038602794882888425,0.01091952336364077,0.0242087164401239
2019-04-02,0.00320865458500208,0.0004897329633619663,0.003460137987059575,0.001033362432020013,0.010977084372092882,-0.0001737478763592648,-0.0007596072458531111
2019-04-03,0.006314170515880235,0.0015723974501069549,0.008071504422543896,0.0049454391968191125,0.017151344990150363,0.0070139054851612315,0.003034900840367616
2019-04-04,-0.002027801792653605,0.0026498594304706913,-0.0042260985479440905,0.0073724846775893305,-0.001486991652024372,0.008078442322215551,0.006042308797982177
2019-04-05,0.007079388993041391,0.004828544851415373,0.004753119860979815,0.013175452333348492,0.014934221194772945,0.0058886008989667005,0.0015049256279784373
2019-04-08,0.0017261619043287268,0.0007620937553838303,0.0038125454813489057,0.0030160176484113066,0.0077884467818272185,0.0035675379719304345,0.0011271381826349902
2019-04-09,-0.000575056294422005,-0.005138046264924867,-0.0047349899873259105,-0.0161914699817598,-0.011051637247647683,-0.009028297329484403,-0.00829564777987013
2019-04-10,0.000575056294422005,0.0034051838877502405,0.006963160160447401,0.010150310797739426,0.01604965450716289,0.004779841711464172,0.0030245741122820746
2019-04-11,-0.001798108827082423,-0.0002775961504166702,-0.0013100811086363962,-0.0008081855565187368,-0.007587432041537667,0.0012763810375435725,0.006021841654125115
2019-04-12,0.0020136560069294873,0.006743156154139562,0.00692404349629161,0.019616312007061598,0.012240483549097014,0.006188849131013363,0.01821949561992664
2019-04-15,-0.003887195738649929,-0.0006550340323752124,-0.00039063455164534133,-0.001984173063171557,0.0008000518290431913,0.0020263251323147102,-0.006283520225684125
2019-04-16,0.0036716485588028647,0.0006550340323752124,0.005066583068026098,0.0015876532809757649,0.009709596423680189,0.004376410568633915,0.013991431123660192
2019-04-17,-0.0036716485588028647,-0.0024498948974391865,0.0055566507838191725,-0.007963441039416264,0.009929898858366037,0.0019295759007436075,0.0025561341008928373
2019-04-18,7.219188429896661e-05,0.0019672355402624575,0.0028310561090627573,0.005382260837220709,0.0031318654944945123,-0.0003353249800843727,-0.002921840039662005
2019-04-22,0.00861700671468224,0.0008616382323785032,0.00231036305474408,0.0017876686420419396,0.008407350150034354,-0.003780062085703584,-0.002930402212287131
2019-04-23,0.01855968235527694,0.00895149901284853,0.010838467367788596,0.0266317015655253,0.03728080275281265,0.011879987319123764,0.006216881410494146
2019-04-24,-0.00654857587753277,-0.0022217844379248675,0.0003803814172469444,-0.005231058309620895,-0.009756083333193999,0.0009144238720715236,-0.001094316603361456
2019-04-25,0.002399072100156552,-0.0006162223571992698,-0.0002535392854614571,-0.002723195420757829,0.011099526608916221,-0.005248458369587539,0.001823196277555006
2019-04-26,0.006953046084769099,0.004645982083609113,-0.0038115032199188548,0.01315809040516891,0.0035735276908051006,0.007903838730626944,0.009066244986906558
2019-04-29,0.00558340227556986,0.0015665152911772395,0.0002546044628566335,0.003454240684022558,0.005336517485782899,-0.0034866229255721137,0.010057512140713598
2019-04-30,-0.008316693219056148,0.0005102788065389774,0.0016529630906028103,0.0019138469788333445,-0.02318212093543437,-0.0014980054848923174,0.0014286043689475392
2019-05-01,-0.0028112264821062993,-0.0075448576868639705,-0.0025441681028821606,-0.02223383425403469,-0.011566017190979494,-0.012234098313924413,-0.008242280546993719
2019-05-02,-0.00423155184526447,-0.0021612896914326996,-0.005235995111686265,-0.006866182663146869,-0.012321163849518868,0.000758470718730031,0.0010788988267420585
2019-05-03,0.01876406409159692,0.00974019130596826,0.00943039852649008,0.028143551278977608,0.04603388001672748,0.01172544047508417,0.008946203976193612
2019-05-06,-0.012774609979923746,-0.004123688019534555,-0.007767187226562555,-0.01174333668583527,-0.018069618527817966,-0.006096780264940094,-0.006791823711141731
2019-05-07,-0.02532859946778032,-0.01684074117793255,-0.021709086638170838,-0.051252487336671315,-0.059927917777470086,-0.015279115332532456,-0.016636878874106475
2019-05-08,-0.004260369193025859,-0.0013901712259478671,-0.0011764456755667396,-0.004699151250285638,-0.008838936351797777,0.00034020170597059973,-0.0021905618540674077
2019-05-09,-0.005151146577748733,-0.0030303411039884764,-0.006824129341524987,-0.007812561488409031,-0.015945660449460775,-0.004089948825356515,-0.002195440818106853
2019-05-10,-0.0020387278560178856,0.005010806005722124,0.0031553781036377515,0.010675536558076626,0.0027843465387391575,0.0014504346750774388,0.006571776451667954
2019-05-13,-0.03629205744649955,-0.025451390891512382,-0.03840197312344529,-0.07657721776657711,-0.10911122117206684,-0.030206959830003655,-0.029544218210285855
2019-05-14,0.01410908870436689,0.009003033335450716,0.01596786757710511,0.025036634272487035,0.03089328315023465,0.010054676151539432,0.007840215096890368
2019-05-15,0.016334976355659947,0.0058403701425229215,0.010815315823738736,0.01747707545742827,0.04072291813421014,0.006762696205961483,-0.003725729851949744
2019-05-16,0.012024259820162086,0.009218637124873474,0.00912154923585895,0.02689056431420367,0.030766515779583337,0.00920317565560591,0.010027885275851744
2019-05-17,-0.022637472497540223,-0.006486112083814888,-0.008059773167191864,-0.018474825492223346,-0.03161590404529324,-0.007649037027115391,-0.006674118573120502
2019-05-20,-0.019679671362808904,-0.006633991589895416,-0.017531363497408137,-0.0209597564056887,-0.05143643596548397,-0.007099660334202618,0.0011154746350423572
2019-05-21,0.012764829760727459,0.008975264330872257,0.01221086817372008,0.026392325824072582,0.029616131025745673,0.006927060918782146,0.010351319217561716
2019-05-22,-0.002016538113643662,-0.0030761895837896347,-0.005215055208267039,-0.008790386816607487,-0.013113222331646135,-0.010321462550761495,-0.005901892594626368
2019-05-23,-0.020391893285881757,-0.01229383049520294,-0.01771869716274299,-0.03595508892246624,-0.04831509814254398,-0.012457378359464144,-0.014158249393652955
2019-05-24,0.0006864447912535709,0.0022657522815068276,0.0002729468186002393,0.0036977091013770114,-0.001478706661185658,0.0013232900919550872,0.007849077520737602
2019-05-28,0.0013715937650156107,-0.009344053622204918,-0.002869142138218983,-0.02773680181676097,-0.010786822577178334,-0.006633963544871335,-0.011608494866531593
2019-05-29,-0.010948376849174046,-0.006733326325221611,-0.00590043119451078,-0.020749462642278615,-0.02537534687487053,-0.008914303969858928,-0.0018849859598217833
2019-05-30,0.0028443758161502686,0.0027274726482025002,0.00617408745994652,0.008396711705176418,0.011820899236526738,0.006515292305198095,-0.003402012460791415
2019-05-31,-0.014536750657334174,-0.013566904278609293,-0.016828000147921074,-0.0398808072143475,-0.04933991799931858,-0.013163397418217038,-0.01526163227106192
2019-06-03,-0.030525860918530157,-0.002546130046075845,-0.017682219971778323,-0.009926859795410525,-0.0660530687049743,-0.00841824646377809,0.006514683878259486
2019-06-04,0.031304482116499166,0.021474402541056925,0.03286747166217463,0.06282989456757226,0.07792966255540934,0.026728010144930536,0.026758675444103375
2019-06-05,0.0034184415679545666,0.008624847934838087,0.012931570331133457,0.025546419036421852,0.021799207907666762,0.004943995112674848,0.0063021554239020006
2019-06-06,0.005568900292777457,0.006481621977166618,0.011563939252098088,0.019380402036652367,0.02284074905128808,0.005094830072664536,0.003688694065796305
2019-06-07,0.018039170773134217,0.009957305414700635,0.018412326749243313,0.02879860533238965,0.05545284509995563,0.014353702607433405,-0.0014738030550058845
2019-06-10,0.01092422210073174,0.004578438629391002,0.010185498877117283,0.013378846014280299,0.03584618533865669,0.008428736174264095,0.008445048798316535
2019-06-11,0.0035153629304405243,-0.00024229437469625026,0.0,-0.000613534716372488,0.003771604098784742,0.0038466256422653444,0.00036557224682542966
2019-06-12,-0.0038151871547329463,-0.001766804805767741,-0.005602259446712665,-0.005127690335308799,-0.01708554580851196,-0.0002559732031128803,-0.009917453332888737
2019-06-13,0.00359117355710481,0.00411776944390585,0.0030004031536723375,0.012465689023902105,0.01622961426760572,0.008920691547292137,0.0033167582213193825
2019-06-14,-0.006217846518489445,-0.001105579577283855,-0.00876565029598364,-0.004682010729697428,-0.013101347859842072,0.002196642531597348,0.002205052927943374
2019-06-17,0.010465774317667709,0.00038015779326716626,0.0007881937508598114,0.0020383678053872423,0.018055674492869933,0.00042191328318885724,-0.009220054329226901
2019-06-18,0.01417728955007469,0.010416577802197402,0.017957505482416813,0.02870242759554653,0.04237499498142139,0.007563709588320755,0.013250124266027452
2019-06-19,0.0068683774116991,0.002254650877373976,0.003604519584902377,0.008864447909677775,0.011692198916865237,0.0018402448948000583,-0.0018298685712814233
2019-06-20,0.005301553716231311,0.009508962073565996,0.014542919895554007,0.02746784191801588,0.027076041505150528,0.006912325639484962,0.004386002672174261
2019-06-21,-0.002610972019424729,-0.006306552614025129,-0.008266105943731006,-0.004781495209631448,-0.004567311198234059,-0.008083050907947253,-0.007320704919040022
2019-06-24,-0.0008718041653574815,-0.0012251902104001289,0.0019136515260216314,-0.0038417405104662627,-0.0003157032394112136,-0.005369135432083283,-0.004049285973083627
2019-06-25,-0.023013219390099593,-0.009856358925298458,-0.01852384431114995,-0.036253573030681885,-0.052515738556091485,-0.009635772409140486,-0.003325336550751068
2019-06-26,0.006967137982133664,-0.0009979132649959865,0.01071879387822161,-0.0021975957237221344,0.012568353472306448,0.003222294671704873,-0.001852237781678312
2019-06-27,0.009702445055265407,0.003539700852559946,0.002565807381712304,0.009356119110732308,0.010787941575105542,0.006245254945366874,0.008859407456395907
2019-06-28,0.0010965669298448333,0.005132603226520871,-0.00012815857505188433,0.01728578212042242,0.0042180811860133005,0.0028563939556933704,0.014231267396040526
2019-07-01,0.015011646457968375,0.009037548842094623,0.01576434713794317,0.023290493645117483,0.0390526264153781,0.008770179956615998,0.011885604339065381
2019-07-02,0.007315037713405914,0.002600920307729737,0.0026453260864496286,0.00909096283426214,0.0120706935424435,0.0021598457800129367,-0.0025094006240680145
2019-07-03,0.00626830805643408,0.007963334238251463,0.007644634313821896,0.022187889273137085,0.02190860215722168,0.008675193198747877,0.007865586181120765
2019-07-05,-0.001279010671036751,-0.0011385205318621416,-0.001874433915506124,-0.004435377093146897,-0.0064920636558039035,0.001151026952779688,0.0028449494306479473
2019-07-08,-0.011584763139492082,-0.005509972729985435,-0.007659032180113989,-0.014176736733735318,-0.021279018800034244,0.0012317926312039873,-0.004983968625343227
2019-07-09,0.012011354113068862,0.0012457539736852041,0.0035229831392840083,0.0028140254010948773,0.014897015911904177,0.0010663568400559598,0.0017828222559419515
2019-07-10,0.0036886543147991446,0.004766651990146364,0.00788140994182207,0.014321837639711621,0.029144355823063073,0.0036006160771000495,-0.003568896837324864
2019-07-11,-0.002197396349716385,0.002341492329616557,0.0037313854993605844,0.005892112180399867,-0.0026686495176466707,0.00204006765221898,0.005704110003148077
2019-07-12,0.0059431076275622274,0.004466959747767341,0.007297902746612017,0.012587936352681517,0.016636339024303837,0.01142872550734264,0.006731665381878749
2019-07-15,0.0026770349977089936,0.00033257767027716767,0.0033221103133200813,0.0012682254659575065,0.008432760663112937,0.0032185537724025437,-0.005665732178300686
2019-07-16,-0.003876951672034501,-0.003230486624335782,-0.0093793370784363,-0.010740071532662654,-0.014290172971018755,-0.0012862032331577566,-0.0024888793229780326
2019-07-17,-0.005524084841779242,-0.006828278580712777,-0.0026072282358811094,-0.019030574867639594,-0.014944341459918853,-0.009618198666156985,-0.008580666477669308
2019-07-18,-0.00941849310643228,0.0036542152410845574,0.007431275982555441,0.010391586643322182,0.004313891489600152,-0.0013002523872271965,0.007512075571022514
2019-07-19,-0.006328714855851736,-0.005570394083371788,-0.004328189120625936,-0.018444824314382657,-0.02449232000025603,-0.0066087422228422454,-0.0042856826983510565
2019-07-22,0.005324559099218362,0.0024534284233119763,0.01145968151147514,0.0074935067372639,0.023304115064989972,0.0005728523648924622,0.002145137231942318
2019-07-23,0.006722863145765423,0.007124626357166264,0.005498174294634062,0.02123609850110908,0.019135047314003728,0.006767478219947165,0.010303907500496479
2019-07-24,0.014577195727249581,0.004688533899211755,0.008251476334033114,0.013971023960597684,0.021062618228509855,0.005025565833384427,0.010198752156533875
2019-07-25,-0.008749124205838399,-0.004788524830941832,-0.004117181044199114,-0.015250843044048779,-0.02896654240514618,-0.005594553421395254,-0.007022527671634471
2019-07-26,0.015609944315191804,0.006677687088676443,0.00218173026881896,0.01956587445789104,0.02925196408385311,0.004542923250028252,0.01086400644743879
2019-07-29,-0.00953390043642166,-0.0018228527076216139,-0.0006055280654333473,-0.005036028486484767,-0.009319753969975864,-0.004868213294135337,-0.007697771436304901
2019-07-30,-0.010621824740847607,-0.002457705722065384,-0.006441818319624204,-0.0065123352137801405,-0.013487266037754075,-0.006773553483550465,-0.002813928185676051
2019-07-31,-0.008220453463959387,-0.011000724758173597,-0.0152356492041692,-0.03527930553033398,-0.04311204532972024,-0.011530365786073915,-0.004943491393607502
2019-08-01,-0.01133305003596874,-0.00874605465659517,-0.005089020350615314,-0.026094213690818435,-0.014123633262546953,-0.013678273047196043,-0.022915409544209453
2019-08-02,-0.017133207993691002,-0.00755800163693543,-0.016435945281057407,-0.022442185893855715,-0.046843992154106395,-0.008263841241163306,-0.0003622615037692789
2019-08-05,-0.04508976786785457,-0.030534562051236946,-0.042642157871413566,-0.09387046262676879,-0.11092068834696,-0.02720846024710255,-0.033901554058675565
2019-08-06,0.0138864293002543,0.013925491826037195,0.016496866901329454,0.03973749018370221,0.04027145761393136,0.015111897579028089,0.015988453538668512
2019-08-07,0.0064553562602975845,0.000590560244263294,0.00621355691722858,0.001873247554645019,0.014500516042100564,0.00402003036379206,-0.01336821268244881
2019-08-08,0.02858073573284159,0.019430085399064545,0.024223539840969366,0.05560919086005267,0.06405641122809325,0.01910780223485098,0.018885961322623324
2019-08-09,-0.013703343074665142,-0.00683482953722514,-0.011401207126878532,-0.02207508580092199,-0.03002346869468564,-0.009423735916326947,-0.003307008418360624
2019-08-12,-0.015634727803836235,-0.012248036560968956,-0.01320953865487784,-0.0362410524517478,-0.034032942533407606,-0.014647295983550634,-0.019324289948485784
2019-08-13,0.0223246650763409,0.015432018924516733,0.024736725203458043,0.0458468807427308,0.0635740769564368,0.016336602486085816,0.012306697515039211
2019-08-14,-0.0332170501485729,-0.030013508527833466,-0.03121259300940249,-0.09345966415282536,-0.09384775070828866,-0.0318113087548042,-0.03776884019022697
2019-08-15,0.005879815366021113,0.0026382919748106914,-0.0018207755161547823,0.008058389243452257,-0.004248575685068978,-0.0016567335650732318,0.004991412464593559
2019-08-16,0.01803345705613424,0.014647209402758321,0.018827107988663272,0.04205341140717467,0.045091777567630054,0.011280951599665912,0.017464342198796334
2019-08-19,0.016243653955820392,0.011975711839358638,0.01508748037882679,0.03534946634532865,0.04574116827740404,0.012519449214575928,0.01011056950257938
2019-08-20,-0.005459294401138237,-0.007692048159965381,-0.005046075089369495,-0.022947520267436072,-0.020788054781608167,0.0002556024368951526,-0.013503604006914305
2019-08-21,0.0045023557767098765,0.008102546592543725,0.011693102450609949,0.024351867837189012,0.02515241083647446,0.019070716929054043,0.004521516346960741
2019-08-22,-0.009694067937559225,-0.0003078841215291561,-0.002377855376193949,-0.002207740157488036,-0.009724525040547327,0.00025071062437920233,0.006744135774641169
2019-08-23,-0.027593068810066512,-0.02602312215455438,-0.03363802255572157,-0.07920589268872247,-0.09599449968944551,-0.026932525211189606,-0.02572003695891567
2019-08-26,0.010569229783785161,0.010997732782420222,0.013770241681037021,0.03189144889915818,0.03971708347496339,0.009823694424126117,0.0095329605200547
2019-08-27,-0.0008323605718150162,-0.00393134568792064,-0.0015348572560247575,-0.012080250291516048,-0.0060486193259272625,-0.004942505490444837,-0.006090610553118658
2019-08-28,0.00257047338106986,0.007016909077711908,0.0008956521934662121,0.020888993622688812,0.01000356454675444,0.012395091374540534,0.009122061251483515
2019-08-29,0.014765126215766422,0.012692044129969382,0.017243999786114017,0.03669574215839955,0.044474108959362546,0.014906953966937309,0.015020921431161405
2019-08-30,7.43555910611704e-05,-0.0004443340260973372,-0.0002514995264784048,-0.000805495727205674,-0.007083408103589761,-0.006003029583387054,0.0033488460166992695
2019-09-03,-0.013481353797277329,-0.005864390220290616,-0.01227166065083285,-0.017476580277737686,-0.02952742812660958,-0.004106139736008707,-0.01045568484953252
2019-09-04,0.012662683620935589,0.0112864781569737,0.016913238900340133,0.03187685353280578,0.041196540244558655,0.009859708381747545,0.009712449665669087
2019-09-05,0.01888099180476921,0.012773460188536312,0.02068567170162705,0.0381814800201572,0.05375759169879579,0.018943105452385645,0.020239923322563858
2019-09-06,-0.005200842827658647,0.0007719149547860127,-0.0008585233243971757,0.0022909313915731033,-0.002791136879327638,0.0024446153697752493,-0.0003643734289009437
2019-09-09,-0.002794771837496768,0.0005032265567406213,-0.007512820762406669,0.0003813242791688154,-0.006386809422568973,0.0038178316391315192,0.015190167939043153
2019-09-10,-0.008728457326989236,-0.00023479389778824356,-0.005081451421580674,0.0011431011637683675,-0.008317075653302197,-0.003980653325650785,0.003582894361957578
2019-09-11,0.00902307105535538,0.007085811591525548,0.010383236944539576,0.02072805473713979,0.026589440519491525,0.0018704787842667159,0.005706212165752955
2019-09-12,0.005287029207136307,0.0034578234743838365,0.0053961675760882954,0.008912044759926907,0.012352504430782396,0.004782147617204302,0.005320091110879499
2019-09-13,-0.0011724199232006072,-0.0006640732187666032,-0.0073655925037474645,-0.0025911432748726426,-0.010666024722127077,-0.0020235548910356727,0.007751952577997656
2019-09-16,-0.0037466325966555303,-0.0030935331973260816,-0.0024673658489460237,-0.008561360470816126,-0.01388270874773223,-0.012884479526759307,-0.003516191489998821
2019-09-17,0.007844381222362529,0.0025288152959088706,0.004067824790201513,0.006520721364709381,0.013116554062412966,0.0060552144650181106,0.0010561763674132862
2019-09-18,-0.004097748625706998,0.0005979624441216913,-0.00012305020928682353,0.002225983982059976,-0.0006134168839633247,-0.0004896384297072842,0.003512486243244073
2019-09-19,-0.0002934038209874146,-6.649019064397521e-05,0.002212122169606978,-0.00037065340298436666,0.004438683382408826,-0.002697024256668179,-0.004568662610657359
2019-09-20,-0.006844499035181251,-0.009343326984650346,-0.014840699526137868,-0.016634331254301582,-0.031965563531161756,-0.014840762431691523,-0.010979372545468102
2019-09-23,-0.010392856997899713,-0.00023473092821824082,0.003110035390469612,0.00150655425449564,0.000945648208740657,0.0034825754456804248,0.001779016227069885
2019-09-24,-0.025392437791350808,-0.007877755495086625,-0.009735458227444482,-0.024960761316239477,-0.04034292850596266,-0.010735350025115942,-0.00964460240819065
2019-09-25,0.0171502897364606,0.005897336435891631,0.011844748250383397,0.018163140417339463,0.031482089147664816,0.009078511357976993,0.00822165628879068
2019-09-26,-0.005810273003779898,-0.0020853497930071185,0.0011148510240088783,-0.007225687500217237,-0.010063135124886102,-0.00432077347780524,-0.0046387619268331015
2019-09-27,-0.023739580195160315,-0.005401789367287968,-0.013461429846614692,-0.01693652976556015,-0.03695649703500958,-0.003503491893326327,0.003926494880409859
2019-09-30,0.007873481882018751,0.004627041562282663,0.010485632603137951,0.015217492954191503,0.026304365376377703,0.008570163535100761,-0.0024968693266322894
2019-10-01,-0.005860554289661479,-0.011966037944809216,-0.00935693947269467,-0.03739485305550083,-0.02447361489370703,-0.008403015536633696,-0.02129660542737888
2019-10-02,-0.012529838823578388,-0.017822569757321105,-0.018980704242579804,-0.053185614230701894,-0.052571797558693234,-0.018126378309450963,-0.020642069585512512
2019-10-03,0.01330286434259964,0.00815941404259668,0.012189067937544706,0.022351961972188583,0.032416584156890416,0.004837689817835056,0.004088416923063942
2019-10-04,0.010684597268894258,0.013441358871681075,0.016396952638126905,0.0393308935655452,0.04121553119091459,0.009354137239451,0.018376114914049335
2019-10-07,-0.002602943979218786,-0.004323992734015292,-0.004229963544782223,-0.013470891329784962,-0.00932369084318374,-0.004371260125076937,-0.005111343467253171
2019-10-08,-0.020993056778483954,-0.01564650102944043,-0.018496925579293055,-0.04612117755925693,-0.046590392314501905,-0.010586590784325445,-0.019963657628911058
2019-10-09,0.008186187364058739,0.00945157188506851,0.014749788828884114,0.02577196492320466,0.02985293417318946,0.008478219719235014,0.009292019788183836
2019-10-10,0.00626971223896966,0.006740718721430561,0.006859107928683272,0.02174432389150205,0.021655550870076645,0.006647346053792802,0.010305530238781113
2019-10-11,0.01978746904702433,0.010313595972103684,0.013701388428236427,0.02982368335367891,0.036764668593278316,0.011258080852747376,0.012372798241743865
2019-10-14,-0.0036377130746521047,-0.0011143866413183545,-0.0006131958360091616,-0.0027100169520672956,0.0011027917069892368,-0.000497657274776131,0.0014456422979214345
2019-10-15,0.016266556337947158,0.009851608993840522,0.01097975595932077,0.028660731255454763,0.037244510437797196,0.008756024717361477,0.014342290078367625
2019-10-16,-0.0013454380667932142,-0.0016073235020463983,-0.006939818519763108,-0.0052879967465004896,-0.007460984278489846,0.004103748495782433,-0.0024950893023651943
2019-10-17,0.0027637374617883737,0.0029447380856266747,-0.0019566599347538016,0.0071697902124161494,0.006853990072953842,0.0026176483185693655,0.0007135375712556957
2019-10-18,-0.025382845437673218,-0.004386771567574499,-0.009594154158744317,-0.013057213338053764,-0.029108016237247902,-0.0019625935759624014,0.0024933118142596022
2019-10-21,0.015111001666825885,0.0067562938206142675,0.010695228928560674,0.021481877437234953,0.026067622409065905,0.003513508627908557,0.013778680643195429
2019-10-22,-0.012360383964474586,-0.0032720579067966327,-0.013541983141268865,-0.011437278904879555,-0.023414449154554262,-0.0063824681529149885,-0.0028109619211340586
2019-10-23,0.0006102351980814547,0.002905360610081509,0.0008672452342093351,0.0093844534712626,0.004664841548239096,-0.004607524642674221,0.004213518773962477
2019-10-24,-0.002137396075525544,0.0016326208853376656,0.014507265775793421,0.003729274619830303,0.028295816378443917,-0.0004949698048335449,-0.0014025568528284182
2019-10-25,0.008522309477491774,0.004086624568167885,0.012011037606836084,0.013494974213581923,0.022516453634997546,-0.0011557781590640914,0.004900233506681673
2019-10-28,0.012199943204299402,0.005620718076229991,0.01258334124744831,0.015848819568752948,0.030065436558303738,0.003134063454496072,0.00522381564298291
2019-10-29,-0.012806293338083918,-0.00029676787400134685,-0.009092084823117297,-0.0016279310772810973,-0.02330568870766836,-0.005698041218443528,0.0024284380701580233
2019-10-30,0.005443845673193337,0.003062563302631105,0.006110390248855069,0.00901069324015058,0.013961819407120934,0.0061919702479205085,-0.0006932567868367379
2019-10-31,-0.0076448506388411275,-0.0026668923721073767,-0.0005974437353177819,-0.00901069324015058,0.000721909396810716,-0.005364168257332658,-0.004866168358759637
2019-11-01,-0.001064310490265008,0.009221284008705588,0.011880857605143014,0.02784895336899318,0.02677074673100943,0.006597987249450377,0.014528102799482134
2019-11-04,0.014048573867076364,0.00400965623077898,0.005183218631788833,0.0113787052797516,0.01768731113439337,0.0004930765915416302,0.00854852163672648
2019-11-05,-0.005339412737970228,-0.0011067590363733615,-0.0011756229017612085,-0.0033127472179339534,0.001241585827328251,0.0014778352960860275,0.0037382780081558487
2019-11-06,-0.004913225844059177,0.0002279886146761001,-0.00047065437670035237,0.0012218085022572822,-0.0063623878430867364,0.0010659445520184718,0.0050752814685046665
2019-11-07,-0.0006821780503987185,0.0035105567662041537,0.007854189212803675,0.010756504092090502,0.010078132420475505,-0.0060005583433264675,0.007397519356465931
2019-11-08,0.003708539609879047,0.002463087100965211,0.005589247794123509,0.005849984812641651,0.011743963610920005,0.00041211246454953,-0.00033507216907091575
2019-11-11,0.0004531537944583164,-0.0019115699570129152,0.00046437096306206627,-0.005677466107246509,-0.004217476947030896,-0.0020624518101870493,-0.002684562793282108
2019-11-12,0.001961450315138613,0.0021057556661281396,0.0033601014767334902,0.005677466107246509,0.00814666410267506,-0.0006608360601036978,0.0013431502535503625
2019-11-13,-0.008932746363730537,0.00032359198641174203,0.0021954188195927316,0.0013714731527745272,-0.0014886072895556879,-0.0031452176546551414,-0.0063962051828423405
2019-11-14,0.0036433511749560665,0.0014547216463185464,-0.001154850272071073,0.0046150062532897,-0.0002708471315981953,0.004301473048847093,0.0020242741476264037
2019-11-15,0.008073932206686507,0.00721032114397957,0.008056171470626872,0.021259483425230208,0.018654495197564458,0.0018142938906056116,0.0026926951174912617
2019-11-18,0.005321803280771142,0.0007373414343136986,0.002975876516964071,0.000834363604610644,0.005172074336539545,0.0034545038681841334,0.0020147577829563446
2019-11-19,0.0017924437950815886,-0.000288472926214034,0.0019409513511634557,-0.000834363604610644,0.004092213269551337,-0.011063553891704991,0.0020107705496195116
2019-11-20,-0.006062647846239777,-0.0037257267963939356,-0.006063731029700037,-0.010573247072065861,-0.017676076969229904,-0.002327312038570284,-0.004698038711573815
2019-11-21,0.0042702040511581885,-0.0016102026462760932,-0.005062165097588611,-0.004735317054713306,-0.007807306098055022,-0.005674723702244755,-0.00100955011579007
2019-11-22,0.006853920490485166,0.0022214083249147976,-0.0012695554202553083,0.00574714466436177,0.002699015840351926,0.0068390567690430615,0.007380084159357203
2019-11-25,0.012689223614532175,0.007720326379659248,0.014446504096778057,0.02266380608704388,0.03404978606813014,0.008772028995292835,0.006330207108160124
2019-11-26,0.006066174664848489,0.0022631023310974996,0.0009102495976112124,0.0065692719396297505,0.005974130935223698,0.0068152680159299095,-0.0009968662190971145
2019-11-27,0.008777969558442678,0.004447635578399556,0.005557120827916151,0.012848853806508131,0.019998070829562842,0.008555791158772585,0.003981453098448551
2019-11-29,-0.004923568506605136,-0.003715571088483749,-0.0029447807455369457,-0.010723089509059314,-0.013416198932529433,-0.006512054447103566,-0.0016570391229207004
2019-12-02,-0.0161713303389881,-0.00853102979846021,-0.014395337113589868,-0.026650597985964808,-0.03268692190429778,-0.008282424724569637,-0.006321782430103173
2019-12-03,-0.002955039788353986,-0.006729131936536348,-0.008900298918081972,-0.020849971749036023,-0.022717487500877098,-0.0100969259861996,-0.014117819994661218
2019-12-04,0.0005177119505228589,0.0061513011016618435,0.0040554612361232145,0.01833041845070671,0.01471105982208254,0.005557628400156389,0.00943399100662834
2019-12-05,0.0047951783358870514,0.001796361476631425,0.00369344467639543,0.006704710448284246,0.005211468926286322,-0.0009931536738871927,0.004683828988032879
2019-12-06,0.006455345377523791,0.009092586613345333,0.010999183483903607,0.02556417323569793,0.030452540004030304,0.00799972302710028,0.013262844540539831
2019-12-09,-0.005572638868594382,-0.0031490769065394275,-0.005255342506017335,-0.008667954758537988,-0.012357841147421667,0.0012313881420524808,-0.002308317366690904
2019-12-10,-0.0041261298854324835,-0.0011157174344704757,0.0008015079435264028,-0.0036202313530564467,-0.0022275861076215264,-0.001724343201291667,0.0003300320712584792
2019-12-11,0.007136327500749218,0.0028346690886245085,0.006730149531892771,0.008372343575631547,0.014973183740548457,0.002544406190068571,-0.002312893687131723
2019-12-12,0.0008792784043762936,0.008582085375831383,0.010630004405741467,0.02534238619466489,0.022616491827700536,0.00873296482406527,0.01932902634142364
2019-12-13,0.0019756657408755984,0.0005989516697324504,0.006614703639751696,0.0009558318101658969,0.008930303672505246,0.0008934786141256978,-0.0035755153493912673
2019-12-16,0.01227813302270242,0.006846522302295988,0.008899859135638621,0.02064530619411009,0.0282717537797339,0.0043746093868310965,0.0035755153493912673
2019-12-17,0.0028840880143077285,0.0002190912535295908,-0.002328537740877046,0.0003118628128753187,0.0013381257139490899,0.0044360523530189155,0.0038860424158984053
2019-12-18,0.0052421630364669625,6.254776132408324e-05,-0.00011104231091962902,0.0,0.002307023220643245,0.0009652117663927484,-0.004210567131321952
2019-12-19,0.010615320824931551,0.004090616263375146,0.007190711027719843,0.012551573937076732,0.020171176923670764,0.0031306419243968264,-0.00032463006590432997
2019-12-20,0.006216938878214506,-0.0005298471481669509,0.0025320179747296834,0.01452287139304076,0.011816278716737294,-0.0017647493074957055,-0.0039036787626525182
2019-12-23,0.0028832848428637092,0.0015265684873089214,0.002854658744596783,-0.0019748924293585546,0.007373254599316148,-0.0023311043832938694,-0.0022842135491805138
2019-12-24,-0.001335070520568138,3.1161227910914135e-05,0.0003288438483854961,0.0003040389703707902,0.0009323334285085139,0.002250794968411185,0.0022842135491805138
2019-12-26,0.009169542484043447,0.005309143350541667,0.007425239617533386,0.015087794032485391,0.025646893691813943,0.012131007922368653,0.0055257762705891444
2019-12-27,-0.0020925099775164213,-0.00024780765489573753,-0.00010873640587760747,-0.0005991749210565445,-0.0029565877835961984,-7.928687332459106e-05,-0.0025965585058060903
2019-12-30,-0.013142790782308289,-0.005528475915666853,-0.005783271136115431,-0.017686171693649833,-0.02013066252682094,-0.006446798443510815,-0.002929217764783054
2019-12-31,0.0004950459086998649,0.0024263514356679394,0.0031685459208521394,0.007747887301057688,0.005677617840472493,0.0014362111143801926,0.0032541642727892395
2020-01-02,0.03036445435201074,0.009308464399829575,0.018589114586844424,0.02731719612923289,0.04837736004124249,0.011810112162537578,0.009699372325782551
2020-01-03,-0.006814257156828596,-0.007601048398628407,-0.011306889166242229,-0.02429517891062627,-0.027567100313122594,-0.008546398522338627,-0.010674528792159688
2020-01-06,0.009075396437695282,0.0038077933214362147,0.0023796790890777686,0.011550481101350485,0.01883252890116438,0.002777657205548678,-0.0006506330064457444
2020-01-07,0.004779450260333107,-0.002815737819690689,-0.00043225542903968517,-0.007635370892962179,-0.0012222970241637654,-0.0015862705208959937,-0.006529532008449301
2020-01-08,0.007532357578518223,0.0053153843094788655,0.010643604212387636,0.01521277145335631,0.02275448152424886,0.0030117899238009116,0.006529532008449301
2020-01-09,0.009621010829126142,0.006757763910631098,0.01127189250814098,0.020075445522150126,0.024902002061279127,0.00528828866166009,0.006163864940603059
2020-01-10,0.0016056083760789264,-0.0028818539244586105,-0.002329042158415895,-0.009474621276551076,-0.008196376451494736,-0.005446612941392814,-0.007466340153357454
2020-01-13,0.016311240288732876,0.006853806284860653,0.012429065861677913,0.021443930174955383,0.03435396691200676,0.003161070555741219,0.006819285525074381
2020-01-14,-0.0074595512306334655,-0.0015257860188455652,-0.00472165975366412,-0.005462208269208624,-0.011738615963321486,-0.0003156637995447298,-0.0019436179155456479
2020-01-15,0.0013243079189324547,0.002257307461584368,0.0011562581608961509,0.007037809920164229,0.0006268169877765573,-0.0022914417630488515,-0.005527573029119548
2020-01-16,0.005806329963852441,0.008283978494246114,0.013357171925237665,0.023200918059226083,0.02750055518366601,0.008899426587921866,0.00876488179225765
2020-01-17,0.003939638000905354,0.003107697039911095,0.006715263755311618,0.010294997059066446,0.014824062187016374,0.00352207111161551,0.002904638182735564
2020-01-21,-0.008357264048500568,-0.001960119478876976,-0.00041195587178410875,-0.00722321005462323,-0.0005006563484588611,-0.0030517602247046582,-0.00841429637783131
2020-01-22,-0.002183057983756953,0.00012075499797425948,0.0035987748498103045,0.0015322560801145357,0.006787133694541758,-0.0004703108869108519,0.0029206625021975796
2020-01-23,0.001521991696312952,0.001146215804952888,0.004710218468756189,0.0026413089360897146,0.009208444840360208,0.0014886392706863205,-0.0025957159941913943
2020-01-24,-0.010836722171959856,-0.008932858535968258,-0.004710218468756189,-0.027873365605685763,-0.026263402199605324,-0.014033708767462905,-0.012751563874163097
2020-01-27,-0.020939677882155117,-0.01615927078599899,-0.024100051657890198,-0.049004409180350095,-0.06381700871843421,-0.015039058573630193,-0.015586431188532757
2020-01-28,0.016249470242137853,0.010424653738215994,0.01895494874131387,0.030126333176637488,0.04543598425955597,0.009705302503620672,0.011629982500104052
2020-01-29,0.0,-0.0008263669800951945,0.002575860465141133,-0.001747162888452003,0.0036006260932381906,-0.0005589021297724983,-0.001653204033277511
2020-01-30,-0.007414869537271329,0.0032400993602701433,0.008606573115893745,0.009283492361642942,0.01123269341389399,-0.001678583066619943,0.01249608730163132
2020-01-31,-0.013555641577545074,-0.018324781429623016,-0.027826929520940347,-0.055817427176708456,-0.05039587985901761,0.0025567263465173795,-0.021136893333970175
2020-02-03,0.021641918361015478,0.007401083897971894,0.013130602564218385,0.020999327364404685,0.04489743509709676,0.007076715367720254,0.006984927609075875
2020-02-04,0.024266944413528613,0.015126295011474333,0.025856086753308638,0.04558864949671371,0.06607521994078791,0.01805950055747818,0.009566261710534985
2020-02-05,-0.011860991887688854,0.01148183961160587,0.005834381327833427,0.03287731248492687,0.01149819406374153,0.005045294669334233,0.01982839617244858
2020-02-06,0.012319370137108265,0.0033592066886782845,0.009086016012083142,0.010723209738078943,0.02408407173738869,-0.0022478678324953094,-0.00128821299402615
2020-02-07,-0.008746327918901287,-0.0053439099142300606,-0.009186266845874869,-0.01682325368464177,-0.012996855427849674,-0.00435491453133352,-0.003551274402044946
2020-02-10,0.0039552201567705225,0.00743759561792956,0.013451091578680519,0.021461788206484478,0.03543280915502134,0.01123735615431709,0.0029065143065776233
2020-02-11,0.004201682855065059,0.0017315497884897724,-0.0033707176841986097,0.0061062263154934016,0.0007212570847769939,0.007829964765270425,0.0035409857845829507
2020-02-12,0.0194634404934515,0.0064221056414970334,0.010766107039448691,0.018496772771172232,0.0288690832907319,0.010194050766071605,0.0006424205277646422
2020-02-13,-0.0018006357231508119,-0.001067536168505967,-0.002656086119114498,-0.0030591678141442813,-0.003860014001031864,-0.0017423263551199497,-0.00032118931108415794
2020-02-14,0.003918680418617093,0.001600831996301899,0.004324780189224775,0.004120943882811368,0.006745277913482006,-0.001517542948892725,0.0012841387323927478
2020-02-18,0.0031367402777515707,-0.0025803258874645962,-0.003733887129795832,-0.009061900117253607,0.0017445655969243745,-7.601295375625483e-05,-0.008699924668516879
2020-02-19,0.006180439334872112,0.004769841309919087,0.011841397532766251,0.015013965574429022,0.02852426857745982,0.0044706390316004985,0.007415785936124131
2020-02-20,-0.007011699200896615,-0.0041167086031457245,-0.010464128377066118,-0.011939668410650306,-0.02887295160428227,0.00037796628868491666,-0.0019292439117699622
2020-02-21,-0.01944188101883526,-0.010351661133343626,-0.022669480800532327,-0.03282983560434616,-0.05889331921912078,-0.015383779075887283,-0.00970250937185746
2020-02-24,-0.03937734993575592,-0.033727841392333424,-0.042209896040981576,-0.10457938631193375,-0.12241738491790422,-0.034987195835422646,-0.033039013806535955
2020-02-25,-0.024239858237513623,-0.03077075060314094,-0.032517155635725103,-0.09468256673348918,-0.08435450187702198,-0.027067873142713417,-0.034515649593176434
2020-02-26,0.004646159295061736,-0.0036849962639191602,0.004541019573712113,-0.012534068070880089,0.013665569910163988,-0.007952501290615643,-0.007328631432089505
2020-02-27,-0.03599360872773438,-0.04595146753683821,-0.055446575070569715,-0.14304839924126522,-0.1619582553618244,-0.041254188959233495,-0.04367191223070144
2020-02-28,-0.004312454441311786,-0.00421039057374184,0.0076107120299502284,-0.011670593767350024,0.015443315790498957,-0.006454133571449638,-0.027449786154921885
2020-03-02,0.03614638680503823,0.042395004660122915,0.056214968970977885,0.11738506719570418,0.1279476751053279,0.03378351952211478,0.049882015904216814
2020-03-03,-0.025827395850519963,-0.02905036247634829,-0.03871595226146507,-0.08894339721237587,-0.09889339245804507,-0.024502694931587854,-0.038290954470926675
2020-03-04,0.033302526214215256,0.04117363701185894,0.04202665696240171,0.11754666189858076,0.11453993888624758,0.03397277248156794,0.032550004272137834
2020-03-05,-0.020411059527814857,-0.03380675024137858,-0.032068602609045094,-0.10601024696622208,-0.09184003959179776,-0.03800107197997349,-0.04942008955000077
2020-03-06,-0.02407516269943244,-0.016669275633019787,-0.021364984351267324,-0.05118263518197663,-0.053834313553955404,-0.01549211723156585,-0.03461890035983073
2020-03-09,-0.06239245068179411,-0.0813125230418672,-0.0789560531287945,-0.2642171058720262,-0.22708803222773177,-0.0650445470937866,-0.11343827390608308
2020-03-10,0.040748311248300695,0.05045058729381058,0.06456889756976203,0.14240179133680986,0.144656641467658,0.05381735473707128,0.0570853514197478
2020-03-11,-0.04644286659138963,-0.049976738450288494,-0.04839087590615243,-0.1574515722829064,-0.13765847949804932,-0.05624048861682596,-0.05577097283419352
2020-03-12,-0.09403768517213429,-0.10056886056624315,-0.10270272703485528,-0.3379631293075769,-0.3203205740388726,-0.10653277844966169,-0.11445012003034716
2020-03-13,0.056050954651261975,0.0820280921987333,0.11093227352638468,0.2387613982730281,0.23892545996895054,0.06002613959930603,0.12360246490513838
2020-03-16,-0.10790217211221531,-0.1158865374770155,-0.1486624061881825,-0.41357666551415795,-0.4225883610878478,-0.13546042785576606,-0.14744867416380414
2020-03-17,0.04513099069745419,0.05258492094923639,0.06586416419914443,0.15141801382463393,0.15096247026253584,0.03778181123336477,0.05287574999011824
2020-03-18,-0.03659533732151665,-0.05195975100253758,-0.03840553705707617,-0.16348521982034958,-0.09713544071943359,-0.059163919599196646,-0.08870347432004166
2020-03-19,0.023104199728937402,0.0021227225413289474,0.003613691177588585,-0.00994130700785778,0.022885440326484208,0.03428268413844382,0.021650333483156814
2020-03-20,-0.01674991803418191,-0.049913373039575326,-0.04690817395135394,-0.14121620056686002,-0.1245501150075996,-0.030174489137259286,-0.03634879673155833
2020-03-23,0.014411372533756683,-0.02590075545834125,-0.014384631690046668,-0.08568104507667407,0.0030929481875694442,-0.0031937837703859273,-0.0683886880656992
2020-03-24,0.05507989742475239,0.0867309943625374,0.09750300789197563,0.24534545569827326,0.201232081716058,0.08965458385329583,0.11690183981531455
2020-03-25,0.0,0.014859233619037404,-0.0012893048762609993,0.03676563484822459,-0.02345949250222157,0.0173953479313953,0.026840528301677935
2020-03-26,0.040372194252682014,0.05674869876971922,0.06008558946931064,0.16374290776178668,0.1508887011838369,0.04053452660749901,0.06088426441648931
2020-03-27,-0.03488870723578863,-0.030238259991310912,-0.04624815904300661,-0.09604011659723266,-0.1096813306433182,-0.03408845242356495,-0.030930293318128577
2020-03-30,0.026657549590181517,0.03195952534580648,0.04125459120959185,0.09165258011774302,0.09993309048114662,0.02069208731076877,0.018859569723790326
2020-03-31,-0.0006359951758412308,-0.015017586594123777,-0.0188580030911778,-0.046502629356462766,-0.028147566435273053,-0.020386180220737238,-0.02794404694564223
2020-04-01,-0.03842260451654944,-0.04604904148877953,-0.04882751443986599,-0.14251040167729512,-0.13245244804154632,-0.04568533418196985,-0.06293880112266637
2020-04-02,0.004205626199682122,0.022813182552416933,0.02311720279632823,0.06553406941849449,0.05750452271091877,0.003728431520365838,0.024755074495322216
2020-04-03,-0.010505921677110841,-0.014559672253661837,-0.01556800883862497,-0.04277595595607053,-0.041104900373081676,-0.017591350666410044,-0.020162050052304537
2020-04-06,0.06549959286323492,0.0650067374854304,0.08187625511807894,0.18441082600189906,0.19007083133296554,0.0799344335487513,0.06933225203487936
2020-04-07,0.004352206812037629,0.0010189609599748906,-0.009000961188638357,-0.0003599146554420507,-0.001951190357986743,0.014775397977891735,0.009926859795410525
2020-04-08,0.016916951113304712,0.033017294838592726,0.02652868823165999,0.09701041085347573,0.06191056685951857,0.03101328716811036,0.0428143773323475
2020-04-09,0.007898640285778136,0.01510273837691578,0.0002347299387324142,0.04378392019481314,0.0036649656079053017,0.01787534595084761,0.05223915913657384
2020-04-13,0.015388983579140536,-0.009172087816788022,0.0022275927551875796,-0.02822446411314372,0.034163724546360186,-0.00028124294976894504,-0.03703313522747198
2020-04-14,0.03261196063221039,0.02906632258223585,0.04107025720536228,0.08593867233167352,0.12199703731424005,0.03835480146069603,0.004428637639357191
2020-04-15,0.005894999633741627,-0.021477091502921652,-0.022046375201877133,-0.06650819635955196,-0.03373428738500284,-0.022171432488816478,-0.04427098573180244
2020-04-16,0.020503712210789615,0.004812695780353593,0.012106104774152193,0.015028446096911008,0.052182971885878615,0.011922399483980328,-0.017707786094939948
2020-04-17,0.0001404695811464407,0.02665696168981313,0.01319450558445645,0.0771221010622467,0.02473015144620394,0.029109932757353185,0.051316752616946015
2020-04-20,0.0035045946462091138,-0.017775024816056195,-0.01615033435705815,-0.05377956905106984,-0.03290477530962921,-0.017598392682314667,-0.017571949992339686
2020-04-21,-0.030909354377109288,-0.030833763390649693,-0.04280221000707929,-0.09549228622973516,-0.1171830817220183,-0.026298057162004618,-0.03280493145023522
2020-04-22,0.027545209583115238,0.02195182651689276,0.0377799138855659,0.06372403867925369,0.0847596969024691,0.0213290320257169,0.010745234657048464
2020-04-23,-0.0007725576020813918,-7.173145408767567e-05,-0.006889434450306986,-0.0018820415130877954,-0.006580552724434696,-0.000271809490934416,-0.0041909328390565825
2020-04-24,0.009649108856929267,0.013842458314099026,0.020978951556083203,0.042716626487393494,0.04717856140740917,0.016799593493977305,0.01436204743884728
2020-04-27,0.0074869436193232275,0.014315484816993518,0.008538442510796607,0.04183225940240254,0.019320662765194285,0.018535380502491705,0.03347213349741729
2020-04-28,-0.021289938286317422,-0.004609026663485949,-0.013401883859482489,-0.013360613508309527,-0.0556086565710503,0.003927603343866437,0.01061955896853961
2020-04-29,0.03487233259569056,0.02584169927586455,0.04022320708512872,0.07435854915228379,0.09895262873578137,0.021798982572833303,0.028635356517690003
2020-04-30,-0.0004088698186155426,-0.009354281772853135,-0.004475213769259412,-0.030033946388997368,0.006614909131411828,-0.006241232211602998,-0.02555903671864712
2020-05-01,-0.03227876513051342,-0.026830161992587698,-0.02784276204433489,-0.08034573302147985,-0.0940067224503629,-0.03810984406844842,-0.03255589381388457
2020-05-04,0.010016493102799728,0.0027544291637404683,0.013186025034513271,0.006947604812641561,0.03466232367137678,0.005420072980738766,-0.009107478946711822
2020-05-05,0.018095737646255827,0.009196902343131974,0.013671633601402,0.027024653282931688,0.0314396927340006,0.0036265898047131984,-0.003207319696855393
2020-05-06,0.016630261919316602,-0.00680180181100809,0.007744779266812607,-0.019826126017277623,0.019557015004380673,-0.000176638167885379,-0.021805605988885368
2020-05-07,0.02131280748735076,0.011994593193006331,0.014883847502860093,0.03552403868629117,0.03828078570944893,0.015596555720886585,0.023181381435284365
2020-05-08,0.012638040861799205,0.016410799949864163,0.01455995857067105,0.04841928796843664,0.039547033939179244,0.019287712654008082,0.02131122205236613
2020-05-11,0.012994395581377383,0.00020514089839540617,0.006625029486511558,-0.0002747924016275327,0.02456542678003526,-0.002219774956208731,-0.019479677801909734
2020-05-12,-0.01599206132711295,-0.020132891412706577,-0.020863887938641135,-0.06062460215574994,-0.06133433760756368,-0.022123245282342552,-0.026420988761242548
2020-05-13,-0.010365518432540632,-0.017844129300901734,-0.01738048364293654,-0.053694133632852914,-0.038604946345305535,-0.017364159245894406,-0.03003806560225586
2020-05-14,0.006048658666108153,0.01189626989551762,0.012660431588212617,0.033336374015989545,0.032622421708711435,0.014826856073598904,0.02532994117766796
2020-05-15,0.01560911713595381,0.0045864327525579895,0.005041049101074613,0.012146493806835412,0.01701868403976281,0.011583997521009692,-0.006628873599257901
2020-05-18,0.018604816189117912,0.030005007733441502,0.024204541303557647,0.08816406113133457,0.05628153473968123,0.03714356428469312,0.050033592255839476
2020-05-19,0.007195180163965809,-0.010324294894733299,-0.0036616504112672033,-0.030384179815828194,-0.00768088105816922,-0.003594272362873241,-0.0247038645458324
2020-05-20,0.021033786940166443,0.016845334676130364,0.021668944857180072,0.050139271247461537,0.056897053970403455,0.01297859464065887,0.021988954846773545
2020-05-21,-0.00561957619184561,-0.006927885641061948,-0.014046921886556873,-0.02380754945228869,-0.03122312225261492,0.0035480072924380934,-0.0031767530826996015
2020-05-22,-0.000867352715856029,0.0018972683277800328,0.0036338977756500412,0.00674493341579252,0.009002775182973544,-0.001483682269935116,-0.0036429877979382574
2020-05-26,-0.002233809685474597,0.012245272426980591,-0.001036898429122246,0.03824812253784282,-0.00417433823254143,0.01571354150784643,0.05070002612105462
2020-05-27,-0.006481346957009748,0.014769397145405705,0.0056898001381719965,0.04107038497249471,0.013972165303624884,0.016988457194680784,0.04245119666819175
2020-05-28,-0.005328703370213184,-0.0018466536446242188,-0.001961923692053169,-0.003982082260284514,-0.006395433963064079,-0.012209021312657775,-0.015919865446328618
2020-05-29,0.021823177852662745,0.0044460086888182815,0.012530989906628598,0.010666114261029147,0.040434435629115306,0.0036300977795997724,-0.011467547918540877
2020-06-01,0.012832384003696795,0.004033587965397878,-0.0003062506147779587,0.013965673854472005,0.0122480432117138,0.009456716417163946,0.011467547918540877
2020-06-02,0.00990824577033056,0.008246054531519498,0.009349642850969175,0.024039620067999756,0.019734739951298153,0.008498519620486533,0.0079916526059427
2020-06-03,0.00683005121593272,0.013220475147309507,0.007758582436232508,0.03958609551951087,0.013482347991940813,0.018725813360156884,0.036606981551173146
2020-06-04,-0.015403418904651467,-0.0026301691177295083,-0.008264506990161458,-0.00848334639011794,-0.02052792052825314,-0.005058251080412468,0.02157490851735311
2020-06-05,0.015582521446527942,0.02530660249279837,0.025972952237037994,0.07409152795177043,0.057583846828692664,0.02366843253575901,0.036480589775492955
